#ASV_A	ASV_B	Interaction	Type
ASV_1	ASV_3	0.0834367015882967	1
ASV_2	ASV_3	0.2284532234279618	1
ASV_1	ASV_4	-0.1098138355638834	1
ASV_3	ASV_4	-0.1064543105561279	1
ASV_1	ASV_5	0.1392837633925682	1
ASV_1	ASV_6	0.084709639627498	1
ASV_5	ASV_6	0.2928426367686464	1
ASV_1	ASV_7	0.140896486187664	1
ASV_3	ASV_7	0.2321111670074852	1
ASV_2	ASV_8	-0.1174561455845832	1
ASV_1	ASV_9	0.2373547211545739	1
ASV_1	ASV_10	0.2399527756005262	1
ASV_2	ASV_10	0.1207637576617745	1
ASV_9	ASV_10	0.1566713622095475	1
ASV_4	ASV_11	-0.1133372718267145	1
ASV_5	ASV_11	0.1487503020665132	1
ASV_6	ASV_11	0.1395239718529312	1
ASV_4	ASV_13	0.2903778708910243	1
ASV_1	ASV_14	0.161883651361289	1
ASV_4	ASV_14	-0.0976851955591234	1
ASV_6	ASV_14	0.1184852485042459	1
ASV_11	ASV_14	0.1059777348066712	1
ASV_5	ASV_15	0.2024741053002626	1
ASV_7	ASV_15	0.1639844863194414	1
ASV_8	ASV_15	0.2826344970002267	1
ASV_1	ASV_16	0.1775262159636775	1
ASV_14	ASV_16	0.3122689587730215	1
ASV_4	ASV_17	0.2763177557960227	1
ASV_13	ASV_17	0.2001725120984123	1
ASV_1	ASV_18	0.0746928042209279	1
ASV_7	ASV_18	0.0942797403101422	1
ASV_2	ASV_19	0.079787855750145	1
ASV_3	ASV_19	0.0856507940546723	1
ASV_5	ASV_19	0.2063225912308641	1
ASV_6	ASV_19	0.0958708967313132	1
ASV_9	ASV_19	0.1510190706354197	1
ASV_11	ASV_19	0.1129521700171667	1
ASV_14	ASV_19	0.083422344971817	1
ASV_1	ASV_21	0.1052541527261915	1
ASV_2	ASV_21	0.2661142681742587	1
ASV_3	ASV_21	0.1642264642455735	1
ASV_15	ASV_21	-0.1015929999097327	1
ASV_11	ASV_22	0.1040577192153546	1
ASV_2	ASV_23	-0.0956054766294619	1
ASV_1	ASV_24	0.1581780207462253	1
ASV_2	ASV_24	0.1270327082320429	1
ASV_3	ASV_24	0.0806355988991716	1
ASV_7	ASV_24	0.2483434728946723	1
ASV_9	ASV_24	0.0869667768511879	1
ASV_10	ASV_24	0.1149255064868572	1
ASV_5	ASV_25	0.167336740569795	1
ASV_6	ASV_25	0.1490696262216378	1
ASV_7	ASV_25	0.1426033425927108	1
ASV_14	ASV_25	0.0895654670977505	1
ASV_19	ASV_25	0.1483354081581919	1
ASV_2	ASV_26	0.0945692478862442	1
ASV_3	ASV_26	0.1617355847464058	1
ASV_14	ASV_26	0.1607464991837807	1
ASV_16	ASV_26	0.2030883920236921	1
ASV_23	ASV_26	-0.076472498001414	1
ASV_25	ASV_26	0.0989811444206084	1
ASV_17	ASV_27	0.1212000024929701	1
ASV_25	ASV_27	-0.133897602121507	1
ASV_23	ASV_28	0.286932039860152	1
ASV_9	ASV_29	-0.1091228522362778	1
ASV_14	ASV_29	-0.1322869790130781	1
ASV_16	ASV_29	-0.1615314993840731	1
ASV_23	ASV_29	0.3169220389196193	1
ASV_28	ASV_29	0.3361121633777248	1
ASV_23	ASV_30	0.2102723606850323	1
ASV_27	ASV_30	0.1044107258913383	1
ASV_28	ASV_30	0.2810533035343927	1
ASV_29	ASV_30	0.1682286386516431	1
ASV_9	ASV_31	-0.1073991148933822	1
ASV_11	ASV_31	0.1990214554791829	1
ASV_15	ASV_31	0.1208916034312209	1
ASV_22	ASV_31	0.1292003355901928	1
ASV_1	ASV_32	-0.0802835905112447	1
ASV_21	ASV_32	-0.1660060695556602	1
ASV_23	ASV_32	0.2058928369881883	1
ASV_29	ASV_32	0.2168802695829058	1
ASV_13	ASV_33	0.7353099503231264	1
ASV_20	ASV_33	0.2309411019086837	1
ASV_14	ASV_34	0.136212907719954	1
ASV_16	ASV_34	0.0866561563500264	1
ASV_26	ASV_34	0.176241889782465	1
ASV_32	ASV_34	0.2239080580137699	1
ASV_1	ASV_35	0.0783764048473046	1
ASV_5	ASV_35	0.1569536212276444	1
ASV_15	ASV_35	0.1387670998829279	1
ASV_19	ASV_35	0.1890486926757613	1
ASV_2	ASV_36	0.1454894586081088	1
ASV_3	ASV_36	0.1555241169623232	1
ASV_4	ASV_37	-0.1724961589590088	1
ASV_14	ASV_37	0.2312633488001559	1
ASV_29	ASV_37	-0.1253926239580408	1
ASV_36	ASV_37	0.2006648089359678	1
ASV_7	ASV_38	0.0897675044724638	1
ASV_23	ASV_39	0.1139272766040123	1
ASV_28	ASV_39	0.1811850892233342	1
ASV_29	ASV_39	0.1910448002218788	1
ASV_30	ASV_39	0.2287357418097507	1
ASV_32	ASV_39	0.1109458841424148	1
ASV_2	ASV_40	-0.14181	1
ASV_22	ASV_40	0.2600101436894237	1
ASV_6	ASV_41	0.1564410909308467	1
ASV_15	ASV_41	0.1049908025763952	1
ASV_17	ASV_41	-0.1423462137582081	1
ASV_25	ASV_41	0.3957548281884274	1
ASV_28	ASV_41	-0.1150967294991167	1
ASV_1	ASV_42	-0.1170278352586179	1
ASV_22	ASV_42	0.0923059895885465	1
ASV_31	ASV_42	0.1913781028171042	1
ASV_38	ASV_42	0.1043991122321268	1
ASV_9	ASV_43	0.1505264480303236	1
ASV_40	ASV_43	0.1801755836350375	1
ASV_4	ASV_44	0.1267550294100786	1
ASV_23	ASV_44	0.1046341182150454	1
ASV_27	ASV_44	0.1617368951092028	1
ASV_28	ASV_44	0.1028199936721087	1
ASV_29	ASV_44	0.179370735278187	1
ASV_39	ASV_44	0.0846687518602363	1
ASV_4	ASV_45	-0.2257791746289907	1
ASV_5	ASV_45	0.1067097175274825	1
ASV_9	ASV_45	0.1276524827782561	1
ASV_16	ASV_45	0.1752919616106965	1
ASV_30	ASV_45	-0.1424114169297264	1
ASV_31	ASV_45	-0.1540472861903564	1
ASV_37	ASV_45	0.2701856195102799	1
ASV_38	ASV_45	-0.1298835108516651	1
ASV_5	ASV_46	0.2870081212155891	1
ASV_8	ASV_46	0.1210823718041951	1
ASV_10	ASV_46	0.1324992023119737	1
ASV_22	ASV_46	0.2067317092520809	1
ASV_5	ASV_47	-0.2012021295268432	1
ASV_6	ASV_47	-0.2529966831207275	1
ASV_31	ASV_47	0.4162963628768921	1
ASV_16	ASV_48	0.3693479009385398	1
ASV_7	ASV_49	0.1789024859449221	1
ASV_9	ASV_49	-0.1013553789409992	1
ASV_38	ASV_49	0.1435480876363921	1
ASV_48	ASV_49	0.2921771944241073	1
ASV_19	ASV_50	-0.076952523974561	1
ASV_23	ASV_50	0.1792478437646326	1
ASV_28	ASV_50	0.1333263157963873	1
ASV_29	ASV_50	0.196295390755022	1
ASV_30	ASV_50	0.1086597962625702	1
ASV_5	ASV_51	0.0955747786839948	1
ASV_7	ASV_51	0.1919020678209589	1
ASV_18	ASV_51	0.1852678497467504	1
ASV_31	ASV_51	0.1749806105687331	1
ASV_35	ASV_51	0.2806944965606553	1
ASV_38	ASV_51	0.0983668465316121	1
ASV_2	ASV_52	0.1788712847543403	1
ASV_7	ASV_52	0.180800137583143	1
ASV_25	ASV_52	0.150339103131483	1
ASV_5	ASV_53	0.1202946955471242	1
ASV_8	ASV_53	0.1330136637496198	1
ASV_15	ASV_53	0.1412662778900216	1
ASV_21	ASV_53	-0.1158595227851253	1
ASV_25	ASV_53	0.1667752621514086	1
ASV_23	ASV_54	0.196621248273088	1
ASV_29	ASV_54	0.2022007294166047	1
ASV_30	ASV_54	0.1662340422436139	1
ASV_32	ASV_54	0.0890328712074237	1
ASV_50	ASV_54	0.1021234729436243	1
ASV_18	ASV_55	0.109022869952552	1
ASV_19	ASV_55	0.1419033383262757	1
ASV_26	ASV_55	0.0957879160005456	1
ASV_43	ASV_55	0.1744003776085934	1
ASV_49	ASV_55	0.136854286509557	1
ASV_2	ASV_57	-0.2352479066458134	1
ASV_18	ASV_57	0.2098069874170997	1
ASV_48	ASV_57	0.1960431940751943	1
ASV_28	ASV_58	0.2977028459579486	1
ASV_29	ASV_58	0.1892425117910816	1
ASV_30	ASV_58	0.1188265901917132	1
ASV_32	ASV_58	0.0982086412992781	1
ASV_14	ASV_59	0.098269779801625	1
ASV_15	ASV_59	0.187722782341268	1
ASV_19	ASV_59	0.1492298435061327	1
ASV_49	ASV_59	0.1159889801562429	1
ASV_55	ASV_59	0.2242301889842929	1
ASV_13	ASV_60	0.212944027427852	1
ASV_15	ASV_60	0.1430161009186591	1
ASV_17	ASV_60	0.1543227006782348	1
ASV_39	ASV_60	0.1504449645245272	1
ASV_51	ASV_60	0.1826650070153254	1
ASV_8	ASV_61	0.158910165388155	1
ASV_28	ASV_61	-0.1754388661452696	1
ASV_44	ASV_61	-0.3007014780450859	1
ASV_45	ASV_61	0.1378245835998504	1
ASV_14	ASV_62	0.1724278006583358	1
ASV_15	ASV_62	0.0993820428903991	1
ASV_19	ASV_62	0.0891520807444263	1
ASV_31	ASV_62	0.123863968226767	1
ASV_49	ASV_62	0.1143857498489374	1
ASV_55	ASV_62	0.1906884866592108	1
ASV_23	ASV_63	0.1694384680990537	1
ASV_29	ASV_63	0.2960442757680611	1
ASV_30	ASV_63	0.3515052576341493	1
ASV_7	ASV_64	-0.1769881882849086	1
ASV_43	ASV_64	0.4156850014012119	1
ASV_23	ASV_65	0.0840847489918162	1
ASV_24	ASV_65	-0.092482336450495	1
ASV_28	ASV_65	0.1213936948045311	1
ASV_30	ASV_65	0.1058288265916769	1
ASV_39	ASV_65	0.1597676019711037	1
ASV_44	ASV_65	0.2479662688393079	1
ASV_58	ASV_65	0.1224132223474656	1
ASV_63	ASV_65	0.1497087963978057	1
ASV_23	ASV_66	0.1258890803812855	1
ASV_28	ASV_66	0.1578447696722775	1
ASV_29	ASV_66	0.1446037377199785	1
ASV_44	ASV_66	0.1404606053786202	1
ASV_23	ASV_67	0.1098458632073212	1
ASV_29	ASV_67	0.120452064960396	1
ASV_30	ASV_67	0.1611581906770796	1
ASV_39	ASV_67	0.1397430273653979	1
ASV_44	ASV_67	0.0970180155417941	1
ASV_45	ASV_67	-0.1108260859268172	1
ASV_15	ASV_68	0.1390476208569552	1
ASV_18	ASV_68	0.2948862449381313	1
ASV_51	ASV_68	0.2227744037974645	1
ASV_60	ASV_68	0.3414769519919574	1
ASV_16	ASV_69	-0.195591579005494	1
ASV_5	ASV_70	0.1811464074555958	1
ASV_24	ASV_70	0.1419718316992758	1
ASV_37	ASV_70	0.3332817281615499	1
ASV_3	ASV_71	0.2698923189336539	1
ASV_22	ASV_71	-0.2095863878664774	1
ASV_51	ASV_71	0.549159617499384	1
ASV_52	ASV_71	0.2668412253439122	1
ASV_6	ASV_72	0.1489766627933543	1
ASV_19	ASV_72	0.1458883051740741	1
ASV_35	ASV_72	0.178238499356307	1
ASV_52	ASV_72	0.3222499699914533	1
ASV_64	ASV_72	0.6101502538048168	1
ASV_14	ASV_73	0.3368065678816827	1
ASV_16	ASV_73	0.1897730738326098	1
ASV_59	ASV_73	0.1653894071256963	1
ASV_71	ASV_73	0.2373405083292051	1
ASV_17	ASV_75	0.1670988070197455	1
ASV_28	ASV_75	0.1773028513539946	1
ASV_57	ASV_75	0.1635489447178037	1
ASV_9	ASV_76	0.2018043646549253	1
ASV_11	ASV_76	-0.2139231574049934	1
ASV_35	ASV_76	0.1472040299348712	1
ASV_52	ASV_76	0.1832938715529352	1
ASV_70	ASV_76	0.45067	1
ASV_5	ASV_78	-0.3089935779571533	1
ASV_24	ASV_78	-0.3498064279556274	1
ASV_6	ASV_79	-0.254315281529807	1
ASV_13	ASV_79	-0.2356123061875786	1
ASV_16	ASV_79	0.2327446227538177	1
ASV_68	ASV_79	0.2364587912659616	1
ASV_18	ASV_80	-0.1052933227192915	1
ASV_65	ASV_80	0.2015473155683117	1
ASV_66	ASV_80	0.1728497619318887	1
ASV_75	ASV_80	0.2074732187190415	1
ASV_4	ASV_81	-0.1271079951039646	1
ASV_19	ASV_81	0.2625142193541859	1
ASV_26	ASV_81	0.1516071979020567	1
ASV_45	ASV_81	0.2904760535511953	1
ASV_61	ASV_81	0.1872774042593864	1
ASV_70	ASV_81	0.1581151850818955	1
ASV_71	ASV_81	0.5304475640929451	1
ASV_77	ASV_81	0.4707610607147217	1
ASV_14	ASV_82	-0.4845412075519562	1
ASV_4	ASV_83	0.7141007841542356	1
ASV_60	ASV_83	0.2422335147857666	1
ASV_4	ASV_84	0.3305534124374389	1
ASV_22	ASV_84	-0.2025946957895977	1
ASV_50	ASV_84	0.1684002100729771	1
ASV_79	ASV_84	0.3849512581862149	1
ASV_2	ASV_85	0.221754036706158	1
ASV_7	ASV_85	0.1496330114323647	1
ASV_14	ASV_85	0.1373511349918474	1
ASV_53	ASV_85	0.1483033414618066	1
ASV_62	ASV_85	0.1448061933843141	1
ASV_6	ASV_86	0.1747154624398062	1
ASV_7	ASV_86	0.1687959264303922	1
ASV_22	ASV_86	0.1901057490728975	1
ASV_43	ASV_86	0.1821869423659091	1
ASV_61	ASV_86	0.2160234163035639	1
ASV_36	ASV_87	0.33014	1
ASV_49	ASV_87	0.1781629025936126	1
ASV_25	ASV_88	0.2230264615641034	1
ASV_26	ASV_88	0.2648045493658325	1
ASV_45	ASV_88	0.4764751493930816	1
ASV_87	ASV_88	0.3936712338486599	1
ASV_24	ASV_89	-0.1944583104173123	1
ASV_14	ASV_90	0.1635685116052627	1
ASV_32	ASV_90	0.2035588286918253	1
ASV_43	ASV_90	-0.1733394773232796	1
ASV_5	ASV_91	0.1673799251200206	1
ASV_9	ASV_91	0.3156417785884363	1
ASV_45	ASV_91	0.2418178166922965	1
ASV_48	ASV_91	0.5500260591506958	1
ASV_52	ASV_91	0.1896019751448529	1
ASV_55	ASV_91	0.3085397914220746	1
ASV_71	ASV_91	0.3481964264761674	1
ASV_1	ASV_92	-0.1556283793440169	1
ASV_2	ASV_92	-0.1071351368497794	1
ASV_22	ASV_92	-0.1509725900838821	1
ASV_23	ASV_92	0.1116270775403525	1
ASV_29	ASV_92	0.1604212379858685	1
ASV_32	ASV_92	0.1103331551381556	1
ASV_54	ASV_92	0.1832190154536539	1
ASV_77	ASV_92	-0.4385057850242541	1
ASV_4	ASV_93	0.4384043122756952	1
ASV_8	ASV_93	0.3541778645002224	1
ASV_57	ASV_93	0.5253236293792725	1
ASV_30	ASV_95	0.2088811993598938	1
ASV_41	ASV_96	-0.2806392189312365	1
ASV_75	ASV_96	0.5493825607433888	1
ASV_80	ASV_96	0.1754667579060376	1
ASV_61	ASV_97	0.1560393571853637	1
ASV_18	ASV_98	0.2193868000635127	1
ASV_57	ASV_98	0.2409975812593043	1
ASV_38	ASV_99	0.591599365119656	1
ASV_39	ASV_99	0.4371307492256164	1
ASV_59	ASV_99	0.3107303326442764	1
ASV_25	ASV_100	0.17582908764858	1
ASV_38	ASV_100	0.1992578029440339	1
ASV_55	ASV_100	0.256159261665549	1
ASV_85	ASV_100	0.1981411263629693	1
ASV_1	ASV_101	0.190258462704365	1
ASV_24	ASV_101	0.221632562597835	1
ASV_35	ASV_101	0.1598752103035512	1
ASV_51	ASV_101	0.2542469054413616	1
ASV_9	ASV_103	-0.2016400580199594	1
ASV_18	ASV_103	0.1466435675101796	1
ASV_57	ASV_103	0.2869832461915783	1
ASV_59	ASV_103	0.1807469013987888	1
ASV_72	ASV_103	0.6488039128670696	1
ASV_91	ASV_103	0.4761417351391699	1
ASV_98	ASV_103	0.2425234800905173	1
ASV_14	ASV_104	0.1675745118925799	1
ASV_34	ASV_104	0.1293387395210692	1
ASV_35	ASV_104	0.0896959230416934	1
ASV_55	ASV_104	0.2796570701443541	1
ASV_62	ASV_104	0.1187406982097359	1
ASV_85	ASV_104	0.1894368085775901	1
ASV_21	ASV_105	0.3462006868751698	1
ASV_27	ASV_105	-0.2809568554453204	1
ASV_61	ASV_105	0.5651621004763591	1
ASV_1	ASV_106	0.1297364297464766	1
ASV_6	ASV_106	-0.1536927174736308	1
ASV_21	ASV_106	0.1639445443712985	1
ASV_24	ASV_106	0.1774995897461581	1
ASV_59	ASV_106	-0.1640616654043695	1
ASV_103	ASV_106	-0.2022834139308509	1
ASV_67	ASV_107	0.1660981569863886	1
ASV_96	ASV_107	0.2419756038836754	1
ASV_101	ASV_107	0.2122477429224514	1
ASV_1	ASV_108	-0.2302275129398488	1
ASV_43	ASV_108	0.464899001518521	1
ASV_92	ASV_108	0.3454481806113663	1
ASV_25	ASV_109	0.1330589122066024	1
ASV_26	ASV_109	0.4590565343818873	1
ASV_49	ASV_109	0.1771296591008937	1
ASV_53	ASV_109	0.1782047126452767	1
ASV_59	ASV_109	0.158862465264693	1
ASV_64	ASV_109	0.4641296637330828	1
ASV_100	ASV_109	0.3009933291530345	1
ASV_103	ASV_109	0.2172608654494522	1
ASV_104	ASV_109	0.2077734505123256	1
ASV_22	ASV_110	-0.101345652486445	1
ASV_24	ASV_110	-0.1175631190685245	1
ASV_29	ASV_110	0.1233674649076804	1
ASV_32	ASV_110	0.1551908814914126	1
ASV_58	ASV_110	0.1199074784947887	1
ASV_67	ASV_110	0.1246984440088508	1
ASV_57	ASV_111	0.8914517378224424	1
ASV_32	ASV_112	0.1190878130778376	1
ASV_37	ASV_112	-0.1475926557122678	1
ASV_39	ASV_112	0.1300610362449211	1
ASV_54	ASV_112	0.1827029379871557	1
ASV_66	ASV_112	0.1530147353993468	1
ASV_92	ASV_112	0.1151665296550436	1
ASV_95	ASV_112	0.2252085156677518	1
ASV_3	ASV_113	0.1585071387390799	1
ASV_26	ASV_113	0.1783237520119883	1
ASV_70	ASV_113	0.1729142200978873	1
ASV_73	ASV_113	0.531812415667367	1
ASV_1	ASV_114	-0.1511363054852237	1
ASV_18	ASV_114	0.2001966376172331	1
ASV_41	ASV_114	0.3808027790372343	1
ASV_55	ASV_114	0.2630375440628714	1
ASV_57	ASV_114	0.1864805180769403	1
ASV_9	ASV_115	0.1092730714767797	1
ASV_14	ASV_115	0.2437569523815892	1
ASV_16	ASV_115	0.1119056436983721	1
ASV_59	ASV_115	0.1796963138972184	1
ASV_104	ASV_115	0.1992917657649656	1
ASV_6	ASV_116	-0.1640992810420106	1
ASV_27	ASV_116	0.1960049195486484	1
ASV_28	ASV_116	0.1387985881047881	1
ASV_30	ASV_117	0.1263844448331771	1
ASV_50	ASV_117	0.1320354002357914	1
ASV_58	ASV_117	0.1773460348598474	1
ASV_70	ASV_117	-0.2018037307404849	1
ASV_80	ASV_117	0.1612322835595561	1
ASV_92	ASV_117	0.1869415709202075	1
ASV_10	ASV_118	0.3456795808665144	1
ASV_16	ASV_119	0.3927924633026123	1
ASV_49	ASV_119	0.4527152180671692	1
ASV_37	ASV_120	0.3955509068103702	1
ASV_50	ASV_120	-0.2264119633786931	1
ASV_100	ASV_120	-0.2372206652597005	1
ASV_16	ASV_121	0.1333600689223038	1
ASV_34	ASV_121	0.1611198933797753	1
ASV_55	ASV_121	0.2725495313197424	1
ASV_97	ASV_121	0.1639147400856018	1
ASV_5	ASV_122	0.1074475704198336	1
ASV_9	ASV_122	0.1419899341975109	1
ASV_16	ASV_122	0.1240180971945892	1
ASV_35	ASV_122	0.1900869179024431	1
ASV_49	ASV_122	0.1567687228744059	1
ASV_64	ASV_122	0.1718962832309417	1
ASV_97	ASV_122	-0.1707560597179521	1
ASV_98	ASV_122	0.2334005646466691	1
ASV_104	ASV_122	0.1382932212367665	1
ASV_3	ASV_123	-0.1764054348078295	1
ASV_19	ASV_123	-0.1289401072600672	1
ASV_30	ASV_123	0.209883070209073	1
ASV_54	ASV_123	0.1483697131119864	1
ASV_120	ASV_123	-0.2799141244318718	1
ASV_58	ASV_124	0.1426208727280338	1
ASV_68	ASV_124	-0.2900246101273134	1
ASV_71	ASV_124	-0.3840145074664803	1
ASV_77	ASV_124	-0.820625050471025	1
ASV_103	ASV_124	-0.2948175064831095	1
ASV_110	ASV_124	0.1796888555167823	1
ASV_7	ASV_125	0.1716237541239793	1
ASV_35	ASV_125	0.1146873653630162	1
ASV_45	ASV_125	0.1806344538927078	1
ASV_51	ASV_125	0.1312484633768018	1
ASV_52	ASV_125	0.1857319651216412	1
ASV_62	ASV_125	-0.1310096516976071	1
ASV_68	ASV_125	0.2467828060411993	1
ASV_91	ASV_125	0.9575177394882276	1
ASV_98	ASV_125	0.2348499274353447	1
ASV_7	ASV_126	-0.2796214644948613	1
ASV_26	ASV_126	-0.2516850531101227	1
ASV_42	ASV_130	0.1837914587928375	1
ASV_44	ASV_130	0.1353217554790168	1
ASV_53	ASV_130	-0.1790482747738384	1
ASV_19	ASV_131	-0.1503729378856377	1
ASV_21	ASV_131	0.3186844707702768	1
ASV_28	ASV_131	0.1772797795998394	1
ASV_45	ASV_131	0.2556525603847027	1
ASV_97	ASV_131	-0.2085107532234892	1
ASV_100	ASV_131	0.2901958699771353	1
ASV_1	ASV_132	-0.1213845960718365	1
ASV_28	ASV_132	0.1230120360851287	1
ASV_108	ASV_132	0.25077624676349	1
ASV_112	ASV_132	0.1642473268392241	1
ASV_117	ASV_132	0.178659404813944	1
ASV_123	ASV_132	0.1607096576009646	1
ASV_6	ASV_133	-0.3158101439476013	1
ASV_59	ASV_133	0.4772338719752146	1
ASV_72	ASV_133	0.5608361959457397	1
ASV_85	ASV_133	0.4907104074954986	1
ASV_15	ASV_135	-0.1950019891789846	1
ASV_18	ASV_135	0.1817657200673796	1
ASV_37	ASV_135	0.3639431920850495	1
ASV_42	ASV_135	0.2776191830635071	1
ASV_70	ASV_135	0.3531833860566769	1
ASV_120	ASV_135	0.2364041270074136	1
ASV_19	ASV_136	0.2604120904935956	1
ASV_70	ASV_136	0.4579336643218994	1
ASV_85	ASV_136	0.5125300884237398	1
ASV_101	ASV_136	0.3727332437409351	1
ASV_69	ASV_137	0.2989467283839818	1
ASV_86	ASV_137	0.4485688576840585	1
ASV_90	ASV_137	0.3420384312591491	1
ASV_114	ASV_137	0.5708203315734863	1
ASV_49	ASV_138	0.2389611173272533	1
ASV_52	ASV_138	0.3186386011246992	1
ASV_73	ASV_138	0.4916990101242207	1
ASV_104	ASV_138	0.2862506849364174	1
ASV_122	ASV_138	0.3166534415751557	1
ASV_5	ASV_139	-0.3262120496317378	1
ASV_137	ASV_139	0.5193186173796137	1
ASV_28	ASV_140	0.1904230862855911	1
ASV_31	ASV_140	-0.4689105451107025	1
ASV_44	ASV_140	0.156340782993385	1
ASV_139	ASV_140	0.2707322119426671	1
ASV_129	ASV_141	0.6451742642921224	1
ASV_7	ASV_142	0.2409387737645122	1
ASV_18	ASV_142	0.1143707457002726	1
ASV_22	ASV_142	-0.1633472539070578	1
ASV_41	ASV_142	0.2074653780654755	1
ASV_49	ASV_142	0.2651535004381797	1
ASV_52	ASV_142	0.2345449477485157	1
ASV_60	ASV_142	0.1828734843658342	1
ASV_63	ASV_142	-0.2525160821755772	1
ASV_70	ASV_142	0.2655940844658814	1
ASV_81	ASV_142	0.1432480909034126	1
ASV_103	ASV_142	0.229363899668003	1
ASV_26	ASV_144	-0.2341009184336154	1
ASV_28	ASV_144	0.192343607544899	1
ASV_31	ASV_144	-0.3299465673580808	1
ASV_52	ASV_144	-0.1911526273357388	1
ASV_71	ASV_144	-0.2881541466093255	1
ASV_16	ASV_145	0.2697443894526809	1
ASV_62	ASV_145	0.2368844300508499	1
ASV_32	ASV_146	0.2061649152881842	1
ASV_46	ASV_146	0.2130786776542663	1
ASV_90	ASV_146	0.2721912704393074	1
ASV_103	ASV_146	0.2200388238712176	1
ASV_25	ASV_147	-0.237627819260162	1
ASV_44	ASV_147	0.1738475999028252	1
ASV_130	ASV_147	0.2224722543353096	1
ASV_58	ASV_148	0.3335652604261521	1
ASV_16	ASV_149	0.488987385722258	1
ASV_21	ASV_149	0.920065161700614	1
ASV_19	ASV_150	0.2122744207802832	1
ASV_37	ASV_150	0.1655151391757938	1
ASV_43	ASV_150	0.2408976207570484	1
ASV_135	ASV_150	0.2256960437119059	1
ASV_30	ASV_151	0.3974902033805847	1
ASV_36	ASV_151	-0.4017232656478882	1
ASV_8	ASV_152	0.3076757675902725	1
ASV_87	ASV_152	0.9030480371794496	1
ASV_97	ASV_152	0.4596072733402252	1
ASV_9	ASV_153	-0.1775474152589344	1
ASV_14	ASV_153	-0.1742283512969027	1
ASV_19	ASV_153	-0.1433867271389468	1
ASV_52	ASV_153	-0.1657980716684968	1
ASV_58	ASV_153	0.1775492497916984	1
ASV_83	ASV_153	0.3132015626104346	1
ASV_2	ASV_154	-0.1775432510782575	1
ASV_43	ASV_154	0.1968111368268094	1
ASV_44	ASV_154	-0.2221335470676422	1
ASV_48	ASV_154	0.3147101354244938	1
ASV_87	ASV_154	0.3601861894130707	1
ASV_112	ASV_154	-0.2203550797266963	1
ASV_1	ASV_155	-0.153662905518833	1
ASV_54	ASV_155	0.1855809476965926	1
ASV_59	ASV_155	-0.2961693107714508	1
ASV_117	ASV_155	0.17722803512233	1
ASV_123	ASV_155	0.1944774774559294	1
ASV_130	ASV_155	0.212808123930976	1
ASV_1	ASV_156	0.210858135966432	1
ASV_25	ASV_156	0.1962913862589849	1
ASV_37	ASV_156	0.3869279999395142	1
ASV_51	ASV_156	0.2713807863869057	1
ASV_52	ASV_156	0.2756533701931868	1
ASV_73	ASV_156	0.2800304566267298	1
ASV_122	ASV_156	0.346122117989636	1
ASV_142	ASV_156	0.3403885312555487	1
ASV_24	ASV_157	-0.1977004158829174	1
ASV_27	ASV_157	0.1487546645414822	1
ASV_54	ASV_157	0.1357290882801513	1
ASV_66	ASV_157	0.1418078546271217	1
ASV_67	ASV_157	0.1365815309107901	1
ASV_92	ASV_157	0.1586951162956979	1
ASV_117	ASV_157	0.1592914237885461	1
ASV_26	ASV_158	0.5943190310362468	1
ASV_7	ASV_159	0.2519986294773257	1
ASV_22	ASV_159	-0.2700365557083143	1
ASV_36	ASV_159	0.5216365425004508	1
ASV_55	ASV_159	0.2122060840395887	1
ASV_79	ASV_159	0.2330438832562034	1
ASV_115	ASV_159	0.6140795615974758	1
ASV_138	ASV_159	0.6049295758714562	1
ASV_11	ASV_160	-0.2290026355887778	1
ASV_24	ASV_160	-0.2397923618555069	1
ASV_42	ASV_160	0.1714732518057551	1
ASV_95	ASV_160	0.3831646740436554	1
ASV_107	ASV_160	0.2978391663528159	1
ASV_7	ASV_161	0.3308998317835332	1
ASV_45	ASV_161	0.760205090045929	1
ASV_73	ASV_161	0.2534817505803429	1
ASV_98	ASV_161	0.5292898325916833	1
ASV_5	ASV_163	-0.2404812265042249	1
ASV_75	ASV_163	0.2750387655840217	1
ASV_112	ASV_163	0.2362891407391713	1
ASV_116	ASV_163	0.2823495356712283	1
ASV_1	ASV_164	-0.2220505118430238	1
ASV_24	ASV_164	-0.2955749580982409	1
ASV_96	ASV_165	0.2778912130605566	1
ASV_5	ASV_166	-0.2451024051833478	1
ASV_26	ASV_166	-0.2711622523400083	1
ASV_124	ASV_166	0.3521524293708373	1
ASV_164	ASV_166	0.373144357623267	1
ASV_3	ASV_167	-0.251283953419925	1
ASV_21	ASV_167	-0.4033583025285753	1
ASV_25	ASV_167	-0.287890542226428	1
ASV_6	ASV_168	0.1917392174202914	1
ASV_16	ASV_168	0.2193103454090642	1
ASV_34	ASV_168	0.1997199662157377	1
ASV_41	ASV_168	0.2977015745371376	1
ASV_121	ASV_168	0.2170948089359352	1
ASV_19	ASV_171	0.6910962312967118	1
ASV_31	ASV_172	0.2891749172856021	1
ASV_53	ASV_172	-0.1761012524366378	1
ASV_92	ASV_172	0.2490802693038464	1
ASV_37	ASV_173	0.3673685804635052	1
ASV_46	ASV_173	0.5672000050544739	1
ASV_110	ASV_173	-0.26616	1
ASV_120	ASV_173	0.2907042035954416	1
ASV_4	ASV_174	0.6127259874842214	1
ASV_38	ASV_175	0.3342935785037232	1
ASV_42	ASV_175	0.2762625515460968	1
ASV_164	ASV_175	0.5650668144226074	1
ASV_146	ASV_176	0.8260640854631109	1
ASV_19	ASV_177	0.311570824290089	1
ASV_6	ASV_178	0.183813337333867	1
ASV_16	ASV_178	0.1579978692164578	1
ASV_22	ASV_178	0.2748867059391417	1
ASV_34	ASV_178	0.2047482438955597	1
ASV_38	ASV_178	0.2592031530142019	1
ASV_48	ASV_178	0.2941341669681455	1
ASV_53	ASV_178	-0.168513310886532	1
ASV_55	ASV_178	0.2097164818185461	1
ASV_146	ASV_178	0.2328731256366587	1
ASV_5	ASV_180	-0.3238182391715761	1
ASV_16	ASV_180	0.3232677399754072	1
ASV_49	ASV_180	0.845196889732082	1
ASV_114	ASV_181	0.7497350110487033	1
ASV_29	ASV_182	-0.2751866281032562	1
ASV_73	ASV_182	0.5230541229248047	1
ASV_7	ASV_183	0.3853963315486908	1
ASV_18	ASV_184	0.3300638116853242	1
ASV_104	ASV_184	0.6290538753997976	1
ASV_54	ASV_185	0.4052080810070038	1
ASV_89	ASV_185	0.7087984821732062	1
ASV_29	ASV_186	0.6678961161325392	1
ASV_18	ASV_187	0.2405480458994586	1
ASV_23	ASV_187	0.3936448097229004	1
ASV_48	ASV_187	0.5609408353854174	1
ASV_2	ASV_189	0.1994797241070625	1
ASV_34	ASV_189	0.2774347351658701	1
ASV_35	ASV_189	0.1987625407203089	1
ASV_52	ASV_189	0.2576798234981613	1
ASV_55	ASV_189	0.3084472030011296	1
ASV_57	ASV_189	-0.3307133109123638	1
ASV_106	ASV_189	-0.3060851084536332	1
ASV_22	ASV_190	-0.1906902402286988	1
ASV_76	ASV_190	0.6968409152830355	1
ASV_1	ASV_191	-0.2816900390760689	1
ASV_138	ASV_191	-0.477894384392267	1
ASV_11	ASV_194	-0.2260093963413944	1
ASV_23	ASV_194	0.1567349811284671	1
ASV_24	ASV_194	-0.2012564414418184	1
ASV_71	ASV_194	-0.3556097841841768	1
ASV_153	ASV_194	0.2050487992634639	1
ASV_1	ASV_195	-0.5620442628860474	1
ASV_16	ASV_195	-0.5795904397964478	1
ASV_30	ASV_196	0.1163039561099638	1
ASV_39	ASV_196	0.1193596095340013	1
ASV_110	ASV_196	0.1378471052132789	1
ASV_19	ASV_198	0.2770413160324096	1
ASV_88	ASV_198	0.4870785176753998	1
ASV_17	ASV_200	0.4270569193290672	1
ASV_104	ASV_200	0.225660462314378	1
ASV_168	ASV_200	0.2499844282865524	1
ASV_45	ASV_202	0.2817291617393493	1
ASV_73	ASV_202	0.4289498958727388	1
ASV_104	ASV_202	0.19278787936508	1
ASV_22	ASV_203	-0.2263714983474375	1
ASV_24	ASV_203	-0.21987491477793	1
ASV_37	ASV_203	0.2162555258565802	1
ASV_61	ASV_203	-0.2204196850319848	1
ASV_70	ASV_203	0.4242423960957456	1
ASV_120	ASV_203	0.2625561712468738	1
ASV_135	ASV_203	0.3590076965207526	1
ASV_6	ASV_204	0.2406370962751783	1
ASV_10	ASV_204	0.248696955093074	1
ASV_17	ASV_204	-0.353119469538559	1
ASV_57	ASV_204	-0.3358016244029222	1
ASV_131	ASV_204	0.2879926287237309	1
ASV_135	ASV_204	0.4181960225105285	1
ASV_18	ASV_205	0.3818732798099518	1
ASV_64	ASV_205	0.5152074694633484	1
ASV_79	ASV_205	0.4979063611642159	1
ASV_92	ASV_205	0.2729318286185401	1
ASV_116	ASV_205	0.3845541172042157	1
ASV_144	ASV_205	0.4554109103334677	1
ASV_145	ASV_205	0.3416047190818496	1
ASV_25	ASV_207	-0.3232997653813454	1
ASV_71	ASV_207	-0.4112834337883951	1
ASV_123	ASV_207	0.3046420262770651	1
ASV_19	ASV_208	0.5254568665552926	1
ASV_41	ASV_208	0.1624846952195205	1
ASV_61	ASV_208	0.2374418955410721	1
ASV_81	ASV_208	0.1838397786973126	1
ASV_104	ASV_208	0.1689399689915612	1
ASV_121	ASV_208	0.30939525605006	1
ASV_148	ASV_208	0.4194563627243042	1
ASV_1	ASV_209	-0.5458837723825684	1
ASV_50	ASV_209	0.474695086479187	1
ASV_13	ASV_210	-0.6981562376022339	1
ASV_26	ASV_210	0.7036056847457908	1
ASV_15	ASV_211	-0.1834368571635062	1
ASV_16	ASV_211	-0.2105489870769583	1
ASV_86	ASV_211	0.2153085247191443	1
ASV_90	ASV_211	0.2525971450421576	1
ASV_189	ASV_211	0.323968714885941	1
ASV_208	ASV_211	0.2221526792423672	1
ASV_75	ASV_212	0.5201107106166075	1
ASV_137	ASV_212	0.4318037354834581	1
ASV_165	ASV_212	0.3846108555185282	1
ASV_23	ASV_213	0.3151804270208906	1
ASV_50	ASV_213	0.3673244121434886	1
ASV_66	ASV_213	0.3659605043101774	1
ASV_70	ASV_213	-0.5796729326248169	1
ASV_107	ASV_213	-0.5267982424802795	1
ASV_1	ASV_216	-0.5749089679051135	1
ASV_25	ASV_217	-0.2950265571772125	1
ASV_26	ASV_217	-0.2049284641660001	1
ASV_59	ASV_217	-0.2257959405789422	1
ASV_80	ASV_217	0.2913813163143456	1
ASV_122	ASV_217	-0.2042316228929211	1
ASV_148	ASV_217	0.4893550234529667	1
ASV_155	ASV_217	0.1842066170652469	1
ASV_25	ASV_219	-0.3308137517937192	1
ASV_35	ASV_219	-0.3010608711706376	1
ASV_42	ASV_219	0.201487541901954	1
ASV_73	ASV_219	-0.3269881591065667	1
ASV_139	ASV_219	0.3823113999393394	1
ASV_187	ASV_219	0.5766610158915172	1
ASV_58	ASV_220	0.4175144135951996	1
ASV_25	ASV_222	-0.332217091231104	1
ASV_144	ASV_222	0.3070454661802491	1
ASV_168	ASV_222	0.4666510224342346	1
ASV_16	ASV_223	-0.3178167343139648	1
ASV_165	ASV_223	0.552823464443156	1
ASV_9	ASV_224	0.2730864467882694	1
ASV_29	ASV_224	0.2295504697860043	1
ASV_42	ASV_224	0.2368903715849097	1
ASV_45	ASV_224	0.3326219128577952	1
ASV_51	ASV_224	0.1700518053334015	1
ASV_137	ASV_224	0.7167899324344962	1
ASV_35	ASV_225	-0.2942795439721707	1
ASV_54	ASV_225	0.2697644531726837	1
ASV_165	ASV_225	0.3496248280247838	1
ASV_222	ASV_225	0.4677369401291932	1
ASV_46	ASV_226	0.2808608423292441	1
ASV_190	ASV_226	0.4134152186337044	1
ASV_1	ASV_227	0.5630317330360413	1
ASV_35	ASV_227	0.5116823315620422	1
ASV_71	ASV_228	0.6726410388946533	1
ASV_101	ASV_228	0.6449754014873382	1
ASV_10	ASV_229	0.6993778212407832	1
ASV_6	ASV_230	0.3021691396662094	1
ASV_37	ASV_230	0.3014209270477295	1
ASV_23	ASV_232	0.2806637593583497	1
ASV_47	ASV_232	0.4269503137274439	1
ASV_116	ASV_232	0.2635617845501825	1
ASV_149	ASV_232	-0.5744633674621582	1
ASV_219	ASV_232	0.4432028676721913	1
ASV_37	ASV_233	0.2721140072597082	1
ASV_55	ASV_233	0.2217462840293192	1
ASV_115	ASV_233	0.2171788037561038	1
ASV_6	ASV_234	0.2057095935263277	1
ASV_18	ASV_234	0.1715369919457968	1
ASV_26	ASV_234	0.2231294486887728	1
ASV_37	ASV_234	0.224709699185044	1
ASV_80	ASV_234	0.2461822619600776	1
ASV_187	ASV_234	0.2606913149356842	1
ASV_1	ASV_235	-0.1968821484623179	1
ASV_14	ASV_235	-0.1723091578126556	1
ASV_28	ASV_235	0.1739910712797006	1
ASV_71	ASV_235	-0.2974165694873606	1
ASV_92	ASV_235	0.1828432408866017	1
ASV_159	ASV_235	-0.4448788226307802	1
ASV_160	ASV_235	0.2507528232650066	1
ASV_232	ASV_235	0.3878045201802261	1
ASV_36	ASV_236	0.5928844784858894	1
ASV_37	ASV_236	0.2787768857334373	1
ASV_120	ASV_236	0.342580116635747	1
ASV_135	ASV_236	0.3246186569821642	1
ASV_173	ASV_236	0.5917850117596892	1
ASV_226	ASV_236	-0.5092843174934387	1
ASV_33	ASV_237	0.4735535100548325	1
ASV_75	ASV_237	0.7848349510258245	1
ASV_27	ASV_238	0.1841024376540443	1
ASV_58	ASV_238	0.1744129691055088	1
ASV_66	ASV_238	0.1544083434536988	1
ASV_1	ASV_239	0.2932887427516083	1
ASV_142	ASV_239	0.2541067381354472	1
ASV_233	ASV_239	0.3149897158145904	1
ASV_5	ASV_240	-0.3829540433476368	1
ASV_24	ASV_243	0.3645313680171966	1
ASV_29	ASV_244	-0.4523608978131566	1
ASV_97	ASV_244	0.5146608948707581	1
ASV_59	ASV_245	-0.4342030833664115	1
ASV_71	ASV_245	-0.7337814633771576	1
ASV_139	ASV_245	-0.430095225572586	1
ASV_9	ASV_246	-0.2644138972502458	1
ASV_37	ASV_246	0.2495904877153286	1
ASV_49	ASV_246	0.2804692347790105	1
ASV_65	ASV_246	0.3740329889492904	1
ASV_135	ASV_246	0.3493763384573209	1
ASV_1	ASV_247	-0.1856194073209562	1
ASV_14	ASV_247	-0.1960300631485217	1
ASV_65	ASV_247	0.2533804235356705	1
ASV_110	ASV_247	0.2305441193638146	1
ASV_207	ASV_247	0.3445113150921027	1
ASV_11	ASV_250	0.2714451551437378	1
ASV_24	ASV_250	0.2079286172330194	1
ASV_51	ASV_250	0.2800971901784444	1
ASV_90	ASV_252	0.2607293221227156	1
ASV_115	ASV_252	0.2209157839313939	1
ASV_136	ASV_252	0.3427268620665928	1
ASV_145	ASV_252	0.3596449925766992	1
ASV_234	ASV_252	0.4728318048884418	1
ASV_31	ASV_255	0.2496881014345935	1
ASV_32	ASV_255	-0.2065163499260225	1
ASV_46	ASV_255	0.5411709547042847	1
ASV_85	ASV_255	0.2309413354534209	1
ASV_3	ASV_256	0.1718967964051541	1
ASV_18	ASV_256	0.1456172651312806	1
ASV_85	ASV_256	0.1796440432183683	1
ASV_104	ASV_256	0.2211307933166314	1
ASV_107	ASV_256	0.3780882972937683	1
ASV_168	ASV_256	0.1987155982712745	1
ASV_243	ASV_256	0.6793902793781301	1
ASV_208	ASV_257	0.8269839379181385	1
ASV_48	ASV_258	-0.501003623008728	1
ASV_52	ASV_258	-0.4095838367938995	1
ASV_139	ASV_258	0.6409617490190459	1
ASV_54	ASV_259	0.6615755558013916	1
ASV_29	ASV_261	0.3737724125385284	1
ASV_63	ASV_261	0.4768341481685638	1
ASV_8	ASV_263	-0.6908276586287215	1
ASV_45	ASV_264	0.4741767644882202	1
ASV_31	ASV_265	0.2329553922535012	1
ASV_37	ASV_265	0.4088243332863629	1
ASV_70	ASV_265	0.3133091360527828	1
ASV_145	ASV_265	0.3433252346447265	1
ASV_190	ASV_265	0.2458583566531472	1
ASV_233	ASV_265	0.4804034427449289	1
ASV_53	ASV_267	-0.1799712999846585	1
ASV_106	ASV_267	0.2739352789493837	1
ASV_115	ASV_267	0.2182225285166473	1
ASV_121	ASV_267	0.1819261660668674	1
ASV_191	ASV_267	-0.7426303288703595	1
ASV_202	ASV_267	0.2521506314025178	1
ASV_246	ASV_267	0.4423776212538603	1
ASV_252	ASV_267	0.1982663397327357	1
ASV_37	ASV_268	0.2586266126347034	1
ASV_62	ASV_268	0.2206103512810999	1
ASV_116	ASV_268	-0.3676615113107738	1
ASV_120	ASV_268	0.2825623526864658	1
ASV_129	ASV_268	0.7959499955177307	1
ASV_173	ASV_268	0.2644555512835475	1
ASV_181	ASV_268	0.5146105289459229	1
ASV_233	ASV_268	0.5773795247077942	1
ASV_20	ASV_269	0.822844414040824	1
ASV_18	ASV_270	0.2480181547067769	1
ASV_45	ASV_270	0.4574624812278837	1
ASV_70	ASV_270	0.2692181921675932	1
ASV_113	ASV_270	0.47963	1
ASV_131	ASV_270	0.3528031039941284	1
ASV_59	ASV_271	0.4069419503211975	1
ASV_60	ASV_271	0.5420457046439568	1
ASV_71	ASV_271	0.3602299988269806	1
ASV_105	ASV_272	0.4571519507539721	1
ASV_107	ASV_272	0.3773632165106509	1
ASV_121	ASV_272	0.4711511820075084	1
ASV_165	ASV_272	0.6233964042296849	1
ASV_198	ASV_272	0.6946817089478954	1
ASV_205	ASV_272	0.4920352785713419	1
ASV_223	ASV_272	0.506527062976147	1
ASV_268	ASV_273	0.5531565678718334	1
ASV_80	ASV_274	0.6407851017995994	1
ASV_107	ASV_274	0.3947783482610282	1
ASV_124	ASV_274	0.4748402625768564	1
ASV_211	ASV_274	0.3561134595577912	1
ASV_85	ASV_275	0.2759217673902159	1
ASV_98	ASV_275	0.7879855454475014	1
ASV_145	ASV_275	0.4105568826198578	1
ASV_8	ASV_276	0.3144575534920318	1
ASV_21	ASV_276	0.391013890504837	1
ASV_32	ASV_276	-0.2489228702192959	1
ASV_84	ASV_276	0.4827067399740142	1
ASV_29	ASV_277	0.5576490890379981	1
ASV_8	ASV_278	0.2181940377559297	1
ASV_32	ASV_278	0.1707109840866517	1
ASV_95	ASV_278	0.5157178159012824	1
ASV_106	ASV_278	0.3566363453865051	1
ASV_186	ASV_278	0.7242416961007654	1
ASV_219	ASV_278	0.5041870781284613	1
ASV_223	ASV_278	0.6125538945198059	1
ASV_36	ASV_279	0.7981565959844166	1
ASV_21	ASV_281	0.5583787358392067	1
ASV_9	ASV_283	-0.5619164858071889	1
ASV_55	ASV_284	0.3324291110038757	1
ASV_76	ASV_284	0.4888195097446441	1
ASV_131	ASV_284	0.4994638562202453	1
ASV_6	ASV_285	0.4880843565874737	1
ASV_43	ASV_285	0.6243526339530945	1
ASV_7	ASV_288	-0.2380785855950135	1
ASV_62	ASV_288	-0.3177187730475323	1
ASV_92	ASV_288	0.2390908517029736	1
ASV_159	ASV_288	-0.5846210154473698	1
ASV_22	ASV_289	-0.2095923428778195	1
ASV_29	ASV_290	0.3196887596698224	1
ASV_123	ASV_290	0.3291644505236383	1
ASV_235	ASV_290	0.5129691791663231	1
ASV_274	ASV_290	0.4173105242827861	1
ASV_65	ASV_291	0.6656786445502313	1
ASV_24	ASV_292	-0.2479176171531711	1
ASV_55	ASV_292	-0.3208335229621024	1
ASV_112	ASV_292	0.3195792883964184	1
ASV_240	ASV_292	0.6724873924082498	1
ASV_289	ASV_292	0.3848709805650486	1
ASV_1	ASV_294	-0.3635527227731234	1
ASV_4	ASV_294	0.3278045519802166	1
ASV_73	ASV_294	0.5709815621376038	1
ASV_10	ASV_298	0.20825	1
ASV_11	ASV_298	0.1951419616671241	1
ASV_250	ASV_298	0.5516162828865719	1
ASV_29	ASV_299	0.3154011139622328	1
ASV_274	ASV_299	0.4722069203853607	1
ASV_80	ASV_300	0.360552098711684	1
ASV_159	ASV_300	-0.5004543469776699	1
ASV_247	ASV_300	0.5126699453136049	1
ASV_11	ASV_303	-0.2961013913154602	1
ASV_71	ASV_303	0.5948365210341479	1
ASV_18	ASV_304	-0.1706597769834474	1
ASV_52	ASV_304	-0.2139173436104991	1
ASV_54	ASV_304	0.1625203973376341	1
ASV_65	ASV_304	0.1913835603418073	1
ASV_74	ASV_304	-0.5272335092321473	1
ASV_219	ASV_304	0.4409046511941902	1
ASV_292	ASV_304	0.3465348319474047	1
ASV_19	ASV_306	-0.22625537013372	1
ASV_25	ASV_306	-0.2664942142885689	1
ASV_27	ASV_306	0.2597022494359036	1
ASV_55	ASV_306	-0.2342584993160866	1
ASV_80	ASV_306	0.2958421489106686	1
ASV_9	ASV_308	-0.2974158823490143	1
ASV_191	ASV_308	0.6020712852478027	1
ASV_271	ASV_308	0.7541451637664877	1
ASV_92	ASV_309	0.2563190741177023	1
ASV_155	ASV_309	0.3122486654347184	1
ASV_196	ASV_309	0.3170821285481034	1
ASV_42	ASV_310	0.6130996536088008	1
ASV_135	ASV_312	0.5902718305587769	1
ASV_252	ASV_312	0.8052346427681663	1
ASV_3	ASV_317	-0.348291726631768	1
ASV_4	ASV_320	0.5969686831875097	1
ASV_10	ASV_324	0.2626507917973826	1
ASV_19	ASV_324	0.211395226224783	1
ASV_211	ASV_324	0.2671976684035392	1
ASV_255	ASV_324	0.5252553224563599	1
ASV_34	ASV_325	0.349755012376036	1
ASV_38	ASV_325	0.5215096473693848	1
ASV_298	ASV_325	0.3878365755081177	1
ASV_5	ASV_327	0.3652781248092651	1
ASV_64	ASV_327	0.4507942703120485	1
ASV_85	ASV_327	0.2400507745819977	1
ASV_131	ASV_327	0.5600484609603882	1
ASV_250	ASV_327	0.2497549520665028	1
ASV_298	ASV_327	0.2577011133668551	1
ASV_30	ASV_329	0.2253809379393639	1
ASV_59	ASV_329	-0.2697869710952291	1
ASV_85	ASV_329	-0.4282919645917015	1
ASV_238	ASV_329	0.3167475974469432	1
ASV_252	ASV_331	0.8827301797762255	1
ASV_19	ASV_332	-0.2994948208269532	1
ASV_39	ASV_332	0.2791138922476153	1
ASV_52	ASV_332	-0.3639473312052202	1
ASV_130	ASV_332	0.375574709492824	1
ASV_4	ASV_333	0.5145696432044568	1
ASV_104	ASV_333	0.27659058144958	1
ASV_165	ASV_334	0.3147823512554168	1
ASV_225	ASV_334	0.5610491633415222	1
ASV_3	ASV_336	-0.3424263000488281	1
ASV_16	ASV_336	-0.3618170022964477	1
ASV_20	ASV_336	0.5585762644860327	1
ASV_1	ASV_337	-0.2742697404214839	1
ASV_5	ASV_337	-0.2473338022326119	1
ASV_15	ASV_337	-0.2784486827211355	1
ASV_38	ASV_337	-0.2862293835450893	1
ASV_112	ASV_337	0.4070922957666723	1
ASV_139	ASV_337	0.5679210257896404	1
ASV_140	ASV_337	0.437708798126472	1
ASV_166	ASV_337	0.5019717126924138	1
ASV_185	ASV_337	0.6845672210821632	1
ASV_247	ASV_337	0.4426364518721969	1
ASV_32	ASV_338	0.3232459723949432	1
ASV_43	ASV_338	0.5698433113269635	1
ASV_157	ASV_339	-0.6531099564063872	1
ASV_121	ASV_340	0.5652710355391415	1
ASV_18	ASV_341	0.6936856240013293	1
ASV_59	ASV_342	0.4826934039592743	1
ASV_120	ASV_342	0.547979015859078	1
ASV_58	ASV_344	0.391082763671875	1
ASV_238	ASV_344	0.4212025701999664	1
ASV_34	ASV_348	0.3804210424423218	1
ASV_37	ASV_348	0.3311881993162571	1
ASV_150	ASV_348	-0.3880477894699174	1
ASV_5	ASV_350	-0.221406918729651	1
ASV_104	ASV_350	-0.2496477675793772	1
ASV_124	ASV_350	0.3421543527650482	1
ASV_132	ASV_350	0.2927750725753277	1
ASV_153	ASV_350	0.2913141054583005	1
ASV_217	ASV_350	0.3074629363324737	1
ASV_235	ASV_350	0.3876162916291464	1
ASV_16	ASV_356	-0.324339210987091	1
ASV_54	ASV_356	0.2910011370468855	1
ASV_165	ASV_356	0.5031179785728455	1
ASV_16	ASV_361	-0.2863497565243925	1
ASV_144	ASV_361	0.5955677320324142	1
ASV_217	ASV_361	0.5085922159612903	1
ASV_3	ASV_363	0.7085921078896817	1
ASV_161	ASV_363	0.4623018205165863	1
ASV_43	ASV_364	0.2728625730951165	1
ASV_44	ASV_364	0.2140980750016481	1
ASV_107	ASV_364	0.3226886056470149	1
ASV_116	ASV_364	0.3541584289809465	1
ASV_189	ASV_364	0.3680445337476543	1
ASV_208	ASV_364	0.3460288836739963	1
ASV_256	ASV_364	0.5140418108298034	1
ASV_1	ASV_366	-0.3850205242633819	1
ASV_23	ASV_366	0.3811898529529571	1
ASV_121	ASV_369	0.8284390501350722	1
ASV_49	ASV_370	0.28038	1
ASV_226	ASV_370	0.4363331794738769	1
ASV_25	ASV_372	-0.2986941517723949	1
ASV_70	ASV_372	-0.4380820691585541	1
ASV_117	ASV_372	0.2555585325316738	1
ASV_7	ASV_373	0.3748471508816945	1
ASV_25	ASV_374	-0.3955355087511777	1
ASV_69	ASV_374	-0.3359034247418458	1
ASV_212	ASV_375	0.8013674661053257	1
ASV_1	ASV_377	-0.6261115575998015	1
ASV_107	ASV_379	0.4728308756181227	1
ASV_274	ASV_379	0.3582478682870488	1
ASV_240	ASV_380	0.5231537159832765	1
ASV_26	ASV_382	-0.4346624314785003	1
ASV_29	ASV_382	0.3826986849308014	1
ASV_58	ASV_383	0.4254712434259544	1
ASV_288	ASV_383	0.6519516369476338	1
ASV_5	ASV_386	0.2152370512485504	1
ASV_19	ASV_386	0.5107205688413733	1
ASV_1	ASV_388	-0.3622021816928424	1
ASV_103	ASV_388	-0.4912080609300053	1
ASV_139	ASV_388	0.3563173588474563	1
ASV_274	ASV_388	0.5047584174992277	1
ASV_306	ASV_388	0.5031418841144304	1
ASV_16	ASV_389	0.4142253994941711	1
ASV_149	ASV_389	0.6722285151481628	1
ASV_136	ASV_391	0.5728818253024047	1
ASV_233	ASV_391	0.5112184882164001	1
ASV_265	ASV_391	0.2765462100505829	1
ASV_1	ASV_393	-0.6175371774167017	1
ASV_25	ASV_394	0.3866447281634274	1
ASV_55	ASV_394	0.4657960878859293	1
ASV_106	ASV_394	0.4181148079946926	1
ASV_13	ASV_395	-0.456156849861145	1
ASV_33	ASV_395	0.5337780765799148	1
ASV_16	ASV_396	-0.4099231413996039	1
ASV_40	ASV_396	-0.5153454619455143	1
ASV_51	ASV_396	-0.4016976952552795	1
ASV_106	ASV_396	0.6408531657498456	1
ASV_29	ASV_398	0.4195946724710461	1
ASV_58	ASV_398	0.2944830186910693	1
ASV_123	ASV_398	0.50019097121813	1
ASV_239	ASV_398	-0.5275484333498992	1
ASV_274	ASV_398	0.3453473998047877	1
ASV_38	ASV_399	0.5961755130383348	1
ASV_183	ASV_400	0.813870370388031	1
ASV_212	ASV_400	0.6221699714660645	1
ASV_177	ASV_401	0.5353716015815735	1
ASV_19	ASV_406	-0.4265244007110595	1
ASV_29	ASV_406	0.6614725589752197	1
ASV_26	ASV_408	0.5141115784645081	1
ASV_34	ASV_408	0.3278864622116089	1
ASV_87	ASV_408	0.4075375497341156	1
ASV_44	ASV_412	0.5254282685914147	1
ASV_217	ASV_412	0.5843424797058105	1
ASV_18	ASV_415	0.3360069929051681	1
ASV_72	ASV_415	0.3022719621658325	1
ASV_89	ASV_415	0.74124	1
ASV_136	ASV_415	0.520512134208828	1
ASV_67	ASV_419	0.2584981322288513	1
ASV_374	ASV_419	0.3980650432211383	1
ASV_14	ASV_423	0.2158723817339203	1
ASV_37	ASV_423	0.2483255596776301	1
ASV_45	ASV_423	0.2934986631400514	1
ASV_298	ASV_423	0.90586	1
ASV_327	ASV_423	0.4869713612546069	1
ASV_62	ASV_424	0.2303317382808101	1
ASV_101	ASV_424	0.2972051291187083	1
ASV_267	ASV_424	0.5307265468881303	1
ASV_386	ASV_424	0.6474472566400199	1
ASV_48	ASV_429	0.7530322108344796	1
ASV_267	ASV_429	0.6413636207580566	1
ASV_26	ASV_430	-0.4063203930854797	1
ASV_113	ASV_430	-0.6186735341632729	1
ASV_153	ASV_430	0.4798051222468223	1
ASV_379	ASV_430	0.673850953578949	1
ASV_278	ASV_431	0.64442	1
ASV_407	ASV_431	0.9301313156983736	1
ASV_39	ASV_432	0.5798803641148246	1
ASV_23	ASV_433	0.6522524109509971	1
ASV_24	ASV_439	0.6280812496491943	1
ASV_6	ASV_441	0.2380524896922494	1
ASV_26	ASV_441	0.3760556763272128	1
ASV_42	ASV_441	0.3342060660276094	1
ASV_49	ASV_441	0.2056392682193582	1
ASV_386	ASV_444	0.9058660647439356	1
ASV_35	ASV_446	-0.5293086171150208	1
ASV_39	ASV_446	0.5086464777818664	1
ASV_104	ASV_446	-0.5018031177571349	1
ASV_247	ASV_446	0.61305412474626	1
ASV_8	ASV_451	0.5628700149373325	1
ASV_35	ASV_451	0.3594354072392458	1
ASV_324	ASV_451	0.9000876074919709	1
ASV_444	ASV_451	0.8892999887466431	1
ASV_29	ASV_454	0.6057955037423363	1
ASV_8	ASV_455	0.5219921153413597	1
ASV_173	ASV_455	0.8719083304200149	1
ASV_14	ASV_456	0.3846128582954407	1
ASV_208	ASV_456	0.7870825832169114	1
ASV_423	ASV_456	0.4211964607238769	1
ASV_18	ASV_457	0.6025615939696427	1
ASV_25	ASV_457	0.4383397699818619	1
ASV_65	ASV_457	0.6063814759254456	1
ASV_96	ASV_458	0.5125052332878113	1
ASV_165	ASV_458	0.7041929364204407	1
ASV_39	ASV_465	0.3749513566600123	1
ASV_124	ASV_465	0.4405655860900879	1
ASV_139	ASV_465	0.6089649796485901	1
ASV_157	ASV_465	0.4142933189868927	1
ASV_144	ASV_467	0.6400178670883179	1
ASV_75	ASV_468	0.4997105598449707	1
ASV_80	ASV_468	0.7484382390975952	1
ASV_10	ASV_471	0.5265798194680354	1
ASV_3	ASV_472	0.2444511387629734	1
ASV_19	ASV_472	0.297960841643244	1
ASV_61	ASV_472	0.3307799778499817	1
ASV_44	ASV_476	0.3230353593826294	1
ASV_112	ASV_476	0.4270838499069214	1
ASV_144	ASV_476	0.520230233669281	1
ASV_32	ASV_480	-0.7974946359512224	1
ASV_55	ASV_483	0.4681893528494151	1
ASV_10	ASV_484	0.3217193465754023	1
ASV_104	ASV_484	-0.2968910336494446	1
ASV_131	ASV_484	0.6679346561431885	1
ASV_256	ASV_485	0.8705174014749747	1
ASV_124	ASV_489	0.5433975115874375	1
ASV_18	ASV_490	0.6062118249742697	1
ASV_115	ASV_491	-0.651308927916702	1
ASV_68	ASV_494	-0.4847642779477319	1
ASV_80	ASV_494	0.335901075932108	1
ASV_139	ASV_494	0.3861974473871045	1
ASV_274	ASV_494	0.5136068530113518	1
ASV_388	ASV_494	0.4929841200267729	1
ASV_124	ASV_495	0.2882485888272524	1
ASV_202	ASV_495	0.4105159267233656	1
ASV_288	ASV_495	0.5694777718260192	1
ASV_299	ASV_495	0.5155500173568726	1
ASV_11	ASV_496	0.878244819660273	1
ASV_114	ASV_496	0.6509757515938526	1
ASV_8	ASV_498	0.4607154130935669	1
ASV_115	ASV_498	-0.5574011459483228	1
ASV_67	ASV_503	-0.5319267511367798	1
ASV_96	ASV_503	0.9106919169425964	1
ASV_104	ASV_505	0.3792974684934998	1
ASV_145	ASV_505	0.6443116746832834	1
ASV_202	ASV_505	0.401094526052475	1
ASV_29	ASV_508	0.6728739830613785	1
ASV_230	ASV_511	0.9051714207908068	1
ASV_19	ASV_515	-0.4421723328859896	1
ASV_142	ASV_515	-0.661617636680603	1
ASV_11	ASV_519	0.3343274641169249	1
ASV_51	ASV_519	0.2727845015509855	1
ASV_202	ASV_519	0.6302487492323986	1
ASV_259	ASV_519	0.82276601469969	1
ASV_302	ASV_519	0.6084839105606079	1
ASV_34	ASV_524	0.4163266554135279	1
ASV_55	ASV_524	0.3021264019471639	1
ASV_103	ASV_524	0.4441736523974759	1
ASV_150	ASV_524	0.5609306620017781	1
ASV_208	ASV_524	0.4133686813176786	1
ASV_146	ASV_525	0.538833828439679	1
ASV_265	ASV_525	0.6109355092048645	1
ASV_26	ASV_529	-0.5357917547225952	1
ASV_29	ASV_529	0.6288263201713562	1
ASV_26	ASV_530	0.3104272782802582	1
ASV_246	ASV_530	0.6554963843515573	1
ASV_40	ASV_531	0.6517599821090698	1
ASV_173	ASV_531	0.6038699746131897	1
ASV_268	ASV_531	0.9748886118055634	1
ASV_11	ASV_533	-0.3953781425952911	1
ASV_146	ASV_533	0.768958627050823	1
ASV_29	ASV_539	0.4657319486141205	1
ASV_139	ASV_539	0.4642399823551883	1
ASV_89	ASV_541	0.7775335311889648	1
ASV_163	ASV_541	0.5686613321304321	1
ASV_240	ASV_541	0.670781135559082	1
ASV_39	ASV_543	0.5332722762532256	1
ASV_1	ASV_546	0.9719842082230964	1
ASV_22	ASV_546	-0.4350100457668304	1
ASV_62	ASV_546	0.4464652370513948	1
ASV_95	ASV_546	0.4289601411554319	1
ASV_60	ASV_547	-0.4094452261924743	1
ASV_148	ASV_547	0.3461810102831137	1
ASV_274	ASV_547	0.3724815046559545	1
ASV_398	ASV_547	0.394555616547341	1
ASV_494	ASV_547	0.4587070756592967	1
ASV_35	ASV_559	0.6696585425945052	1
ASV_62	ASV_559	-0.6213127374649048	1
ASV_67	ASV_560	0.5613653906766379	1
ASV_32	ASV_563	0.4411655809331243	1
ASV_136	ASV_563	0.6928789019584656	1
ASV_35	ASV_571	-0.3405961280090522	1
ASV_92	ASV_571	0.5799911641320299	1
ASV_274	ASV_571	0.4544900923214439	1
ASV_290	ASV_571	0.4555230192326971	1
ASV_5	ASV_573	-0.4883143007755279	1
ASV_123	ASV_573	0.622089800637142	1
ASV_100	ASV_574	0.5142768025398254	1
ASV_109	ASV_574	0.8652967638732536	1
ASV_130	ASV_574	0.5466193993477468	1
ASV_53	ASV_578	0.5254392623901367	1
ASV_75	ASV_578	0.425884485244751	1
ASV_165	ASV_578	0.6529544405929835	1
ASV_225	ASV_578	0.4839096242188082	1
ASV_298	ASV_578	0.6849886653058043	1
ASV_39	ASV_583	0.6252510549489694	1
ASV_451	ASV_587	0.8555592948844745	1
ASV_29	ASV_589	0.623284410459663	1
ASV_5	ASV_592	-0.4630812406539917	1
ASV_29	ASV_592	0.404683381319046	1
ASV_54	ASV_599	0.4387270510196686	1
ASV_124	ASV_599	0.7649858533161149	1
ASV_1	ASV_603	-0.5429976761331463	1
ASV_1	ASV_610	-0.5093369799716617	1
ASV_76	ASV_610	0.6841131448745728	1
ASV_53	ASV_611	0.3825619933703649	1
ASV_100	ASV_611	-0.5982975959777832	1
ASV_104	ASV_611	0.4242919385433197	1
ASV_325	ASV_611	0.9212923391881284	1
ASV_58	ASV_613	0.804389603115449	1
ASV_398	ASV_613	0.5488431453704834	1
ASV_37	ASV_624	0.3337835371494293	1
ASV_51	ASV_624	0.2678684643967263	1
ASV_101	ASV_624	0.2614430162150453	1
ASV_122	ASV_624	0.2602656068443684	1
ASV_125	ASV_624	0.3590865778309437	1
ASV_611	ASV_624	0.5957214726502277	1
ASV_28	ASV_625	0.3248725404941801	1
ASV_117	ASV_625	0.4850254860472102	1
ASV_234	ASV_625	0.5788946323784651	1
ASV_10	ASV_628	-0.4965246915817261	1
ASV_28	ASV_628	0.6772111654281616	1
ASV_1	ASV_629	-0.4963362317666798	1
ASV_39	ASV_635	0.6596294514705702	1
ASV_37	ASV_636	0.3848498080240915	1
ASV_71	ASV_636	0.4982252418994903	1
ASV_73	ASV_636	0.6358851668189167	1
ASV_26	ASV_638	-0.6369174718856812	1
ASV_92	ASV_638	0.7019981503392206	1
ASV_86	ASV_640	0.659479710684803	1
ASV_101	ASV_640	0.4918614346331044	1
ASV_65	ASV_641	0.5158620476722717	1
ASV_80	ASV_641	0.4258980009358006	1
ASV_10	ASV_645	0.671269838037019	1
ASV_59	ASV_645	-0.5019075274467468	1
ASV_79	ASV_648	0.5658813031733497	1
ASV_112	ASV_648	-0.55718	1
ASV_401	ASV_648	0.8681793808937073	1
ASV_17	ASV_649	0.6642789762515097	1
ASV_38	ASV_650	0.2354844017862483	1
ASV_97	ASV_650	0.2338356291394921	1
ASV_129	ASV_650	0.7179412328390217	1
ASV_252	ASV_650	0.3333080112934112	1
ASV_391	ASV_650	0.4575227797031402	1
ASV_441	ASV_650	0.2753864228725433	1
ASV_112	ASV_654	0.6760973342842651	1
ASV_24	ASV_655	0.4639402627944946	1
ASV_41	ASV_655	0.595964252948761	1
ASV_85	ASV_655	0.5607109223819614	1
ASV_115	ASV_655	0.4359191670247265	1
ASV_57	ASV_659	0.5106050968170166	1
ASV_147	ASV_659	0.6400221632353671	1
ASV_16	ASV_668	-0.4846539795398712	1
ASV_110	ASV_668	0.5677927173302423	1
ASV_51	ASV_670	0.3961318413145615	1
ASV_122	ASV_670	0.4151611906904387	1
ASV_125	ASV_670	0.6112942099571228	1
ASV_32	ASV_672	0.3679124060555508	1
ASV_44	ASV_672	0.491836816072464	1
ASV_495	ASV_672	0.5812767711524575	1
ASV_29	ASV_674	0.5071792391023235	1
ASV_278	ASV_674	0.4956042496134252	1
ASV_3	ASV_678	-0.6460365114606924	1
ASV_66	ASV_678	0.4687407453288642	1
ASV_10	ASV_680	-0.494103729724884	1
ASV_32	ASV_680	0.6047731556047018	1
ASV_115	ASV_680	-0.6358729004859924	1
ASV_51	ASV_685	-0.2898739498114981	1
ASV_58	ASV_685	0.5541876690850014	1
ASV_190	ASV_685	-0.4812747969986605	1
ASV_274	ASV_685	0.2981685654413427	1
ASV_306	ASV_685	0.5804834331638785	1
ASV_383	ASV_685	0.3361571094105115	1
ASV_388	ASV_685	0.4846111756170592	1
ASV_495	ASV_685	0.3479577161485263	1
ASV_641	ASV_685	0.4843184649944305	1
ASV_1	ASV_687	-0.527509043700299	1
ASV_14	ASV_692	-0.6244868636131287	1
ASV_98	ASV_692	0.7568002986328174	1
ASV_124	ASV_694	0.6651915988283471	1
ASV_10	ASV_695	-0.6906450381944703	1
ASV_5	ASV_697	-0.7208460776813683	1
ASV_44	ASV_699	0.5253512859344482	1
ASV_112	ASV_699	0.7079040057767452	1
ASV_35	ASV_702	0.7956682769260237	1
ASV_150	ASV_702	-0.5969989895820618	1
ASV_49	ASV_705	0.3203536570072174	1
ASV_16	ASV_707	-0.4924928980425033	1
ASV_44	ASV_707	0.4679779574786409	1
ASV_55	ASV_707	-0.5436135969448626	1
ASV_65	ASV_707	0.5895905762613324	1
ASV_7	ASV_711	0.6870518276323854	1
ASV_122	ASV_715	0.8162250027666256	1
ASV_10	ASV_719	-0.3896850347518921	1
ASV_18	ASV_719	0.412673681974411	1
ASV_73	ASV_722	0.7140340492400008	1
ASV_30	ASV_723	0.8298909440469818	1
ASV_66	ASV_723	0.6667238473892212	1
ASV_2	ASV_724	-0.5364913696060903	1
ASV_8	ASV_727	0.4960720263538831	1
ASV_131	ASV_727	0.4781341552734375	1
ASV_41	ASV_736	0.2615532898224539	1
ASV_98	ASV_736	0.4912045292537277	1
ASV_122	ASV_736	0.3040746977334898	1
ASV_224	ASV_736	0.7268970627298088	1
ASV_270	ASV_736	0.5748461757801622	1
ASV_37	ASV_740	0.6704556345939636	1
ASV_60	ASV_740	-0.4812503159046173	1
ASV_3	ASV_752	-0.5390106439590454	1
ASV_30	ASV_752	0.6129132053968377	1
ASV_157	ASV_752	0.428894494183571	1
ASV_38	ASV_756	-0.4971239145446509	1
ASV_70	ASV_757	0.7939278045774697	1
ASV_29	ASV_758	0.4744019844392604	1
ASV_61	ASV_758	-0.415484641622559	1
ASV_42	ASV_763	0.4946043942309911	1
ASV_60	ASV_763	0.5808070244254111	1
ASV_177	ASV_763	0.5440007237415839	1
ASV_401	ASV_763	0.8133911863494734	1
ASV_80	ASV_772	-0.7567416638012412	1
ASV_24	ASV_773	0.4189585149288177	1
ASV_98	ASV_773	0.5323942303657532	1
ASV_168	ASV_774	0.660364989233865	1
ASV_234	ASV_774	0.6853423118591309	1
ASV_444	ASV_774	0.6146633625030518	1
ASV_274	ASV_775	0.4263173043727875	1
ASV_383	ASV_775	0.4373688101768493	1
ASV_8	ASV_778	0.4602356553077698	1
ASV_92	ASV_778	0.5653195730419117	1
ASV_101	ASV_778	0.454346115773323	1
ASV_104	ASV_778	0.6815974426365198	1
ASV_30	ASV_781	0.7155513543909644	1
ASV_38	ASV_782	0.358307808637619	1
ASV_81	ASV_782	0.2691639010583616	1
ASV_114	ASV_782	0.8969569574443682	1
ASV_115	ASV_782	0.3115039859486117	1
ASV_154	ASV_782	0.6684656863622579	1
ASV_117	ASV_786	0.3954593991200393	1
ASV_290	ASV_786	0.4419093739973843	1
ASV_379	ASV_786	0.3718157644633379	1
ASV_145	ASV_788	0.5515633225440979	1
ASV_264	ASV_788	0.8015406727790833	1
ASV_7	ASV_800	-0.412045419216156	1
ASV_685	ASV_800	0.5611818432807922	1
ASV_29	ASV_806	0.7401283753470453	1
ASV_32	ASV_816	0.57285475730896	1
ASV_145	ASV_816	0.4373974502086639	1
ASV_265	ASV_816	0.3474133358467852	1
ASV_117	ASV_826	0.4712596246004999	1
ASV_238	ASV_826	0.6893749928234914	1
ASV_302	ASV_826	0.7772245934292255	1
ASV_177	ASV_830	0.6124775530406953	1
ASV_124	ASV_838	0.3517188727855682	1
ASV_547	ASV_838	0.3468513867811276	1
ASV_3	ASV_842	0.353961571819712	1
ASV_55	ASV_842	0.4622902529667651	1
ASV_81	ASV_842	0.3556934053602534	1
ASV_246	ASV_842	0.7125664382601766	1
ASV_256	ASV_842	0.7186577522723424	1
ASV_44	ASV_845	0.7107637217799686	1
ASV_31	ASV_854	0.655164227750076	1
ASV_55	ASV_855	0.8121590361292377	1
ASV_441	ASV_862	0.7570608955618021	1
ASV_59	ASV_863	0.6010997295379639	1
ASV_423	ASV_863	0.911950707435608	1
ASV_1	ASV_867	-0.6005065136062447	1
ASV_7	ASV_868	0.9654209543549858	1
ASV_100	ASV_868	-0.6547407794882778	1
ASV_54	ASV_884	0.5425215363502502	1
ASV_155	ASV_884	0.6538139581680298	1
ASV_32	ASV_886	0.5634735562772473	1
ASV_60	ASV_886	0.6468373537063599	1
ASV_125	ASV_886	0.424842927811369	1
ASV_265	ASV_886	0.8831063508987427	1
ASV_165	ASV_893	0.6801880723256553	1
ASV_18	ASV_899	-0.7059965025507827	1
ASV_202	ASV_904	0.604669911351854	1
ASV_96	ASV_907	0.8411505373698457	1
ASV_9	ASV_912	0.6601428184183538	1
ASV_67	ASV_913	0.4481514538823896	1
ASV_124	ASV_913	0.5174602203284094	1
ASV_398	ASV_913	0.4036163291835213	1
ASV_539	ASV_913	0.6107401847839355	1
ASV_8	ASV_917	0.6910950095722895	1
ASV_5	ASV_941	0.9237859691440296	1
ASV_29	ASV_944	0.6932230476383942	1
ASV_15	ASV_949	0.7422135089308219	1
ASV_9	ASV_955	0.5588024935958897	1
ASV_51	ASV_959	0.6216230683024974	1
ASV_100	ASV_959	0.6819546222686768	1
ASV_29	ASV_962	0.4532721936702728	1
ASV_32	ASV_962	0.5616286993026733	1
ASV_1	ASV_974	-0.3084097586725959	1
ASV_44	ASV_974	0.3415762275014938	1
ASV_217	ASV_974	0.3856549472646913	1
ASV_274	ASV_974	0.4576134645029316	1
ASV_495	ASV_974	0.6417705491545351	1
ASV_44	ASV_981	0.5893536806106567	1
ASV_165	ASV_981	0.8150904272313285	1
ASV_8	ASV_983	-0.666239560239015	1
ASV_67	ASV_989	0.6734210252761841	1
ASV_35	ASV_992	0.6305527971846232	1
ASV_237	ASV_994	0.863087648287498	1
ASV_81	ASV_1028	0.667087733745575	1
ASV_142	ASV_1028	0.7975505919297617	1
ASV_58	ASV_1036	0.5002146363258362	1
ASV_107	ASV_1036	0.4903594553470611	1
ASV_148	ASV_1042	0.6177231073379517	1
ASV_495	ASV_1042	0.5423663258552551	1
ASV_29	ASV_1044	0.7488929548293755	1
ASV_274	ASV_1044	0.5585350394248962	1
ASV_117	ASV_1048	0.5088176727294922	1
ASV_758	ASV_1048	0.4580977857112884	1
ASV_33	ASV_1071	0.6624220725358221	1
ASV_25	ASV_1082	0.5131333488591764	1
ASV_35	ASV_1082	0.6224667036280621	1
ASV_87	ASV_1082	0.6476799845695496	1
ASV_3	ASV_1087	-0.5451801968980597	1
ASV_41	ASV_1087	0.4267083775377637	1
ASV_142	ASV_1087	0.6605691909790039	1
ASV_270	ASV_1087	0.5896188747004911	1
ASV_225	ASV_1089	0.7484722788418667	1
ASV_502	ASV_1089	0.587689995765686	1
ASV_252	ASV_1091	0.616296112537384	1
ASV_267	ASV_1091	0.541959285736084	1
ASV_502	ASV_1093	0.867652394661147	1
ASV_58	ASV_1104	0.7808837628109514	1
ASV_16	ASV_1105	0.8797262496100393	1
ASV_5	ASV_1109	-0.639257066654501	1
ASV_35	ASV_1134	0.9237240751441604	1
ASV_113	ASV_1139	0.7876152396202087	1
ASV_122	ASV_1139	0.5853084921836853	1
ASV_39	ASV_1207	0.6620904854796646	1
ASV_112	ASV_1207	0.5301686525344849	1
ASV_495	ASV_1213	0.5413741201500929	1
ASV_10	ASV_1214	0.5813571083307182	1
ASV_9	ASV_1220	-0.3748596012592315	1
ASV_494	ASV_1220	0.464375764131546	1
ASV_68	ASV_1282	0.5496016400408757	1
ASV_112	ASV_1318	0.8914983520002229	1
ASV_495	ASV_1404	0.5790519714355469	1
ASV_547	ASV_1404	0.5714951157569885	1
ASV_1	partition	-0.3459389248758126	1
ASV_3	partition	-0.2431214552871876	1
ASV_5	partition	-0.1884695926503069	1
ASV_6	partition	-0.1421026854634941	1
ASV_10	partition	-0.1291668295095638	1
ASV_13	partition	0.1117121365860957	1
ASV_18	partition	-0.0748003352384709	1
ASV_23	partition	0.1656313927262286	1
ASV_24	partition	-0.1128389743300991	1
ASV_25	partition	-0.2090559255499581	1
ASV_28	partition	0.1159648423655592	1
ASV_29	partition	0.2142152971153951	1
ASV_30	partition	0.1142417070159814	1
ASV_41	partition	-0.1617557803240159	1
ASV_48	partition	-0.1034617387133351	1
ASV_49	partition	-0.0856665810085836	1
ASV_50	partition	0.1170030204803247	1
ASV_52	partition	-0.1070299769508876	1
ASV_55	partition	-0.1329498969653429	1
ASV_58	partition	0.1083103718920082	1
ASV_62	partition	-0.0940746026504458	1
ASV_63	partition	0.160705649079225	1
ASV_83	partition	-0.1802590896039658	1
ASV_96	partition	0.1247707010671996	1
ASV_104	partition	-0.083422083789495	1
ASV_110	partition	0.1166904693954848	1
ASV_112	partition	0.1256053418382594	1
ASV_130	partition	0.1800950169563293	1
ASV_165	partition	0.2094959304230627	1
ASV_211	partition	0.3048491648097227	1
ASV_212	partition	0.1902395772928559	1
ASV_220	partition	0.3885288834571838	1
ASV_238	partition	0.1703405168645852	1
ASV_258	partition	0.3399590568377354	1
ASV_289	partition	0.2990383536099538	1
ASV_299	partition	0.3284511864185333	1
ASV_300	partition	0.4357244355568836	1
ASV_304	partition	0.1668579770269501	1
ASV_309	partition	0.3028586804866791	1
ASV_361	partition	0.3371181783001051	1
ASV_372	partition	0.3192714908236447	1
ASV_379	partition	0.513903234092736	1
ASV_420	partition	0.6388759753329996	1
ASV_467	partition	0.5520791496527804	1
ASV_515	partition	0.3978937864303589	1
ASV_681	partition	0.5769602219256463	1
ASV_826	partition	0.6384893820213585	1
ASV_945	partition	0.7671178326040722	1
ASV_976	partition	0.8762710397696989	1
ASV_989	partition	0.477900743484497	1
ASV_995	partition	0.68408574666293	1
ASV_1048	partition	0.4099239408969879	1
