"sampleid","Actual","Predicted"
"BB02.2",-2.40205478113656,-5.75860745735183
"BB02.3",-2.97661176354109,-4.43057556873598
"BB02.4",-3.89019436575337,-5.04602242068912
"BB05.2",-7.03177497112178,-7.27712866888095
"BB05.3",-6.56547980792618,-5.19329584796243
"BB05.4",-8.619174318111,-7.25866508132732
"BB06.2",-5.24512587487741,-5.98374656548032
"BB06.3",-4.59093860374137,-5.07147260014799
"BB06.4",-4.01016067278649,-6.6552587415027
"BB07.2",-6.37273727019874,-7.05722852742795
"BB07.3",-6.40737748685149,-5.6682355594608
"BB07.4",-5.14002664585113,-6.75248249793657
"BB09.2",-4.98265300539869,-6.84013711078854
"BB09.3",-3.95899704408693,-6.87317503292712
"BB09.4",-7.38448417492535,-6.79952675908172
"BB10.2",-4.6128956024955,-4.30146740369014
"BB10.3",-2.79344470411916,-5.605508151616
"BB10.4",-1.63500612884187,-5.89604920072112
"BB11.2",-8.31966707883772,-7.40555440997271
"BB11.3",-7.84202787860559,-7.4475965918249
"BB11.4",-8.71983508874747,-7.13472118791351
"BB12.2",-6.18991548583182,-7.32164499001699
"BB12.3",-4.68128016081249,-7.12120113187603
"BB12.4",-7.34998281044684,-7.11295389488713
"BB14.2",-6.10692419696018,-6.01945016759768
"BB14.3",-5.81573230903502,-7.37146905911153
"BB14.4",-5.11649376921315,-5.84174925456386
"BB15.2",-6.82543662545062,-7.19081111942425
"BB15.3",-7.01175220233751,-7.34443377078049
"BB15.4",-6.71915091844348,-6.88739741423682
"BB16.2",-4.20202617750892,-6.65630683830997
"BB16.3",-4.79201624865349,-6.78542912423936
"BB16.4",-4.724583787583,-6.47295296156841
"BB17.2",-6.29295581483395,-7.26662336512467
"BB17.3",-6.70795783684248,-7.19921785241608
"BB17.4",-4.26250835329082,-6.92104355389357
"BB18.2",-5.98507536293005,-5.65766490646634
"BB18.3",-5.30277891738417,-6.0917606307498
"BB18.4",-3.64029624845477,-6.27465167572245
"BB20.2",-6.36020729238332,-6.8611248338477
"BB20.3",-6.16301690320602,-6.72199545403213
"BB20.4",-6.77089609626494,-6.87195138738074
"BB21.2",-4.45562551741036,-6.13320579504938
"BB21.3",-5.36026614052919,-6.23808251179002
"BB21.4",-5.23801034657254,-5.23581469075033
"BB23.2",-6.67542704245547,-7.31385872517956
"BB23.3",-5.96411321491593,-7.29641302429487
"BB23.4",-7.36934904245844,-7.22166154630439
"BB25.2",-7.28209844245375,-6.93152104441381
"BB25.3",-7.12645162921292,-7.04379392209699
"BB25.4",-3.81338694707448,-6.55440687159277
"BB26.2",-4.93411696388476,-5.46406088804637
"BB26.3",-4.84434847202956,-5.18629666094846
"BB26.4",-5.1524869183365,-5.28230049439629
"BWd01.2",-4.18343081755654,-8.65668508597217
"BWd01.3",-7.18987147435647,-8.24608314250232
"BWd01.4",-5.18320455944753,-8.96133278473408
"BWd02.2",-2.94200195113302,-3.92547381665387
"BWd02.3",-5.76571552598494,-8.28389438026956
"BWd02.4",-6.68588405991824,-8.87906611760375
"BWd03.2",-3.69382499650695,-8.40957365092564
"BWd03.3",-8.64124584008622,-8.60034694550199
"BWd03.4",-4.36622607318607,-8.90861849558143
"BWd04.2",-5.18434148036215,-8.28799093980195
"BWd04.3",-7.92810934122391,-9.05577294333086
"BWd04.4",-5.22413796837379,-8.62646496658923
"BWd05.2",-4.1404455183299,-8.34863866498123
"BWd05.3",-7.61125893346624,-8.68988862517025
"BWd05.4",-4.16529389178017,-8.89952021030361
"BWd07.2",-4.19420507912524,-8.47561242291258
"BWd07.3",-7.80605808312052,-8.79646042798705
"BWd07.4",-5.30048638383288,-8.51364683755601
"LW01.2",-6.41259010396041,-6.7786957633446
"LW01.3",-7.40468855927661,-6.79354122312882
"LW01.4",-8.36443412418626,-6.67121380374792
"LW03.2",-5.80581520022135,-6.90764230255763
"LW03.3",-6.40199775273555,-6.83013391353927
"LW03.4",-6.034394496572,-7.10798734803008
"LW04.2",-5.7775087532824,-7.18334418303878
"LW04.3",-6.08923489349913,-7.46055675792549
"LW04.4",-5.97302030806686,-7.04729191314105
"LW05.2",-8.50410639379514,-7.01569507453098
"LW05.3",-8.02330010649444,-6.80702084792523
"LW05.4",-8.57137457445386,-6.83108675479767
"LW06.2",-7.30161030481877,-6.80315034043138
"LW06.3",-7.5810998322459,-6.75387997101377
"LW06.4",-7.59105214369125,-6.57273472393142
"LW07.2",-6.57661843918924,-6.74685312357354
"LW07.3",-6.73319468439064,-7.1269575589087
"LW07.4",-6.63505846766331,-7.24700006126642
"LW08.2",-7.09300649617769,-7.04381798841878
"LW08.3",-6.48406529757829,-7.01035179465991
"LW08.4",-8.21452719934342,-6.95186208259805
"LW09.2",-7.5739344246894,-7.25876183149177
"LW09.3",-6.45951453040777,-7.38071482177698
"LW09.4",-8.27351733370645,-7.33995692751522
"LW10.2",-4.96522786546373,-6.58278547908959
"LW10.3",-5.13785601091958,-6.85626414718422
"LW10.4",-8.2252840986799,-6.72694263126682
"LW11.2",-4.64580087227832,-6.91967146380454
"LW11.3",-4.10725030297985,-6.47845604644849
"LW11.4",-6.57776660030591,-6.62841605803076
"LW12.2",-7.13465134956286,-7.55475696524477
"LW12.3",-6.45081740541283,-7.68546736141953
"LW12.4",-7.16891581213059,-7.5874138745779
"OWW01.2",-3.09717454962232,-8.34521585389263
"OWW01.3",-8.04064256923855,-8.0764940455822
"OWW01.4",-4.18853991812902,-8.5462924649597
"OWW02.2",-6.7862715575793,-7.98734757037365
"OWW02.3",-8.12611682076017,-8.54587568349029
"OWW02.4",-4.88782786483471,-8.41070268209515
"OWW04.2",-4.26184953221784,-7.76789958556679
"OWW04.3",-7.60217987082926,-8.74595877246084
"OWW04.4",-4.64819645444348,-8.7149837992687
"OWW05.2",-5.60697464539013,-7.92794921230571
"OWW05.3",-6.47497885575059,-8.39219233109614
"OWW05.4",-4.17408214403747,-8.83684298074013
"OWW06.2",-5.10161256682257,-8.44842931150782
"OWW06.3",-8.54812650107884,-8.33988494931403
"OWW06.4",-5.13608123565471,-8.87616915295469
"OWW07.2",-5.24258076678936,-8.22893166675153
"OWW07.3",-8.0003854959727,-8.77323969258466
"OWW07.4",-5.06914756516392,-8.12219039777665
"OWW08.2",-5.75001681681393,-7.68964000155922
"OWW08.3",-9.26197772279238,-8.0535287432686
"OWW08.4",-7.05805452624783,-8.91103316471479
"OWW09.2",-2.9520556905843,-7.45157287276235
"OWW09.3",-8.82781683311043,-8.13971787517304
"OWW09.4",-5.9732395758595,-8.99024366613099
"OWW11.2",-1.31673098573457,-4.29226919501303
"OWW11.3",-8.54594356476413,-8.84904928143565
"OWW11.4",-5.28417297381448,-8.96317214389537
"OWW12.2",-2.45587873277766,-5.4542446324766
"OWW12.3",-7.08298012587706,-7.78388814290285
"OWW12.4",-4.1519899724536,-8.40335531223275
"OWW13.2",-5.93401188226981,-8.63393478878457
"OWW13.3",-8.33554390355516,-9.01423086165546
"OWW13.4",-4.64700864343385,-8.74992293767525
"OWW14.2",-4.47652793816705,-7.88606814420483
"OWW14.3",-7.06685432484259,-8.06557979528568
"OWW14.4",-5.77579764598997,-8.80228283708779
"OWW15.2",-6.53902508729269,-8.19927100575765
"OWW15.3",-7.80762047025407,-8.49382308154347
"OWW15.4",-3.3091161856432,-8.45536478102143
"OWW16.2",-3.76307524343376,-8.21697684697813
"OWW16.3",-7.73950415572302,-8.29042172277915
"OWW16.4",-5.69489219145758,-8.6639801202479
"PH01.2",-3.24952554803461,-3.59138519148267
"PH01.3",-1.51256834304934,-3.46532127953321
"PH01.4",-2.39459073879007,-3.68225791130764
"PH02.2",-1.44812721255185,-4.52968266392419
"PH02.3",-0.94513942092115,-4.0995326899483
"PH02.4",-1.7973514388235,-4.46422964530822
"PH03.2",-3.46942269065772,-4.07876641570274
"PH03.3",-1.958924469133,-3.86866136369367
"PH03.4",-2.40677697959557,-4.0346907811036
"PH04.2",-4.00678333642704,-5.0600699908896
"PH04.3",-4.62369556479738,-5.14963352163688
"PH04.4",-2.43630296917096,-3.75114351554492
"PH05.2",-4.67959988821306,-4.03253270878566
"PH05.3",-4.25447978039662,-4.49156451262193
"PH05.4",-4.1598435444548,-5.48652956321897
"PH06.2",-4.08380034834643,-4.05667281286635
"PH06.3",-3.58170603730037,-3.9605463770422
"PH06.4",-4.28492127572443,-3.53959826633895
"PH08.2",-0.805002244488164,-3.94869515806611
"PH08.3",-0.0899137666688013,-4.27553756102127
"PH08.4",-3.3972687452337,-4.07138864071417
"PH09.2",-4.06420340531011,-3.21033720521571
"PH09.3",-3.28314771488834,-3.83343659396674
"PH09.4",-3.88800425513977,-3.20709806955023
"PH10.2",-4.79754207863555,-4.6951963573528
"PH10.3",-3.1298515940763,-4.15976574045452
"PH10.4",-2.86452858793865,-4.33274088815976
"PH11.2",-4.66690683892548,-3.55725785776779
"PH11.3",-1.89040921919444,-3.6618866834418
"PH11.4",-2.03113552830593,-3.81892911160811
"PH12.2",-4.18956617452007,-4.29481227832087
"PH12.3",-3.40089742665316,-4.52087833600802
"PH12.4",-3.9855926609618,-4.08341825978059
"PH13.2",-4.52339618434695,-4.46393360016661
"PH13.3",-3.1496496472659,-4.19634364258326
"PH13.4",-0.22898139172692,-4.4621845983571
"PH14.2",-4.35926542533796,-4.85990291310024
"PH14.3",-3.77805420847884,-3.51552161224606
"PH14.4",-0.541840541184422,-4.00213395254885
"PH15.2",-3.64447986681725,-4.04540115800092
"PH15.3",-3.46701672269945,-3.70067076450086
"PH15.4",-1.80040338714367,-4.18962170232773
"PH17.2",-3.99683844813983,-4.12602386296235
"PH17.3",-3.29656713258407,-3.27821369178408
"PH17.4",-0.974953217439572,-3.33346862790425
"PH18.2",-4.29695046231876,-3.81091739354285
"PH18.3",-3.00221993968955,-3.79323781968845
"PH18.4",-3.41854701999727,-3.61004140044946
"PH19.2",-4.36144000106549,-3.77058915789385
"PH19.3",-3.76184724811551,-4.46087076189086
"PH19.4",-3.63654004043336,-3.92220172978949
"PH20.2",-1.4678949483245,-4.12495039001647
"PH20.3",-1.5961433447961,-3.55472445374947
"PH20.4",-4.26798391863322,-4.26844191324069
"PH21.2",-3.15098355882528,-3.63854794118548
"PH21.3",-3.85598029311682,-3.97776770100867
"PH21.4",-1.94717428106694,-3.84756879240107
"PH22.2",-4.20860167838768,-3.55045775252822
"PH22.3",-3.95623616010447,-4.21418711097549
"PH22.4",-4.47180547392067,-4.40600276687179
"PH24.2",-4.21825705898875,-3.78827578675425
"PH24.3",-3.26990599598098,-4.30288702978097
"PH24.4",-3.64161426164682,-4.35409286421371
"SAC02.2",-3.67148869662423,-4.32684960500341
"SAC02.3",-3.51964313686864,-3.48495791490366
"SAC02.4",-0.499026983753896,-7.87047270969832
"SAC03.2",-3.94540744944773,-3.59884896302593
"SAC03.3",-3.51291137129216,-3.69292261480414
"SAC03.4",-4.03281950558267,-7.45298561660269
"SAC04.2",-3.70576405727238,-3.63743412890819
"SAC04.3",-3.60150147766343,-3.67074270768117
"SAC04.4",-2.9640398268215,-6.85728754650627
"SAC05.2",-0.626716700306271,-3.48933076630436
"SAC05.3",-0.9130890445675,-3.53534015310345
"SAC05.4",-1.70369364835982,-6.2852992814024
"SAC06.2",-1.26758730805467,-3.70886593750874
"SAC06.3",-2.81047059870168,-6.98022610208571
"SAC06.4",-3.51459006901725,-7.56211485245742
"SAC07.2",-1.11748656519706,-4.14163485452095
"SAC07.3",-2.31745220571892,-5.28493105668983
"SAC07.4",-3.22196392146743,-8.25603500231154
"SAC08.2",0.335764843620628,-4.02246228465513
"SAC08.3",-0.421833339698569,-3.85176825263702
"SAC08.4",-4.07395387257437,-7.36138398099956
"SAC10.2",-1.32296907565517,-3.82220845191224
"SAC10.3",-2.24332386516294,-5.55201723144073
"SAC10.4",-6.54812881272099,-3.4230722552852
"SAC11.2",-1.11715311237338,-3.4735856489023
"SAC11.3",-1.26031194601784,-5.57490281430247
"SAC11.4",-4.03281950558267,-3.41260284241724
"SAC12.2",-0.749908026381709,-3.73814688026993
"SAC12.3",-3.70867408144212,-3.45866266968489
"SAC12.4",-7.62963855197503,-3.76935787797689
"SAC13.2",-4.50291448528374,-4.07220519476998
"SAC13.3",-3.76848892231591,-5.70241483516624
"SAC13.4",-0.862726268544423,-3.57494683418796
"SAC14.2",-4.69204760065921,-3.85973621875047
"SAC14.3",-4.87291556940806,-3.96751759938684
"SAC14.4",-2.91212668969919,-5.61619906942576
"SAC15.2",-4.06226466875869,-3.5111306084298
"SAC15.3",-5.45013743103701,-4.6913138578988
"SAC15.4",-4.13926693293868,-3.63536483863912
"SAC16.2",-3.71745531103313,-3.4297151731989
"SAC16.3",-4.8984310091634,-6.91936471951894
"SAC16.4",-3.12658969341196,-4.06452847662611
"WEL01.2",-3.69556054652014,-4.10305593085729
"WEL01.3",-2.87898411663428,-3.77235466397027
"WEL01.4",-2.18027896861008,-3.7998679076302
"WEL02.2",-6.56416557459206,-4.99406082984001
"WEL02.3",-7.44446436274223,-5.25932976083913
"WEL02.4",-5.480529208988,-5.48805813193163
"WEL03.2",-2.99553229355132,-4.1809764762147
"WEL03.3",-2.99553229355132,-4.34491905487306
"WEL03.4",0.201126325912565,-7.00061468544193
"WEL04.2",-4.06420340531011,-3.22014959996228
"WEL04.3",-2.80000102985012,-3.78373993290244
"WEL04.4",-2.5582702836456,-3.57544110592353
"WEL05.2",-1.77977161158273,-3.69707585862558
"WEL05.3",-0.910283809610754,-4.04897568785923
"WEL05.4",-3.44617980448876,-3.72962270578211
"WEL06.2",-1.53614098337264,-3.19039737216234
"WEL06.3",-1.44897860249728,-3.53709621831035
"WEL06.4",-3.58623955906733,-4.22249585630492
"WEL07.2",-2.25475835573428,-4.0429106496923
"WEL07.3",-1.43824752229446,-3.49141699969842
"WEL07.4",-2.76900657437064,-3.60148367153401
"WEL08.2",-3.78641878329328,-3.58683066741164
"WEL08.3",-2.31861285407124,-4.69650530488236
"WEL08.4",-1.2723349223987,-4.91742654420404
"WEL09.2",-3.98699148757456,-4.13154923863302
"WEL09.3",-3.14300664944182,-5.15661817026386
"WEL09.4",-2.20718400823079,-4.26269385721204
"WEL12.2",-5.46787998787218,-3.20005733814706
"WEL12.3",-5.19786274267345,-3.73593313426734
"WEL12.4",-6.32163466221874,-3.35409165929098
"WEL13.2",-6.00355375510469,-3.46428078437772
"WEL13.3",-5.38838064940637,-5.14971063161257
"WEL13.4",-6.76758222199695,-4.35300522797302
"WEL14.2",-3.77909596205251,-3.37548098559491
"WEL14.3",-2.57033382773838,-4.66300673523463
"WEL14.4",-4.03928835647402,-4.28229851414482
"WEL15.2",-4.57464098095327,-3.99523901685966
"WEL15.3",-2.80660062483149,-4.60471960421977
"WEL15.4",-3.51365711128719,-4.2787835348032
"WEL17.2",-1.92345773785669,-4.86549608546073
"WEL17.3",-0.0938602314876195,-3.39614015554487
"WEL17.4",-2.9822896978575,-4.25562947818278
"WEL18.2",-5.44563831483365,-4.84370169532802
"WEL18.3",-5.02930855936188,-5.40926958039675
"WEL18.4",-6.07412178078899,-4.05503687150422
"WEL20.2",-4.67959988821306,-3.58517975590462
"WEL20.3",-3.58826107371809,-4.59003879710992
"WEL20.4",-3.68051453778231,-4.01630365264917
"WEL22.2",-4.45016273044085,-4.17595673644083
"WEL22.3",-5.09456052903402,-5.42448822817624
"WEL22.4",-4.40628029599841,-3.69093856237259
"WEL23.2",-4.56498839635526,-3.5645791413847
"WEL23.3",-3.58826107371809,-4.70647410079612
"WEL23.4",-1.58260821222078,-3.61880248008822
"WEL24.2",-1.73559249908698,-5.16277933540664
"WEL24.3",-0.571501983031895,-4.24645419039454
"WEL24.4",-2.45620258165965,-4.19786780087666
"WEL25.2",-3.19581681605104,-3.61031230999356
"WEL25.3",-3.23465881447067,-4.16044311187493
"WEL25.4",-3.13640748997983,-5.02262052877078
"WEL26.2",-6.59503222257259,-5.72549621081522
"WEL26.3",-7.68848589114075,-5.22813159958112
"WEL26.4",-7.84027284713933,-5.32943442420352
"WF01.2",-6.08069114183913,-7.8566607747207
"WF01.3",-7.44260454722838,-7.55268419485669
"WF01.4",-3.99047046719596,-8.43552840543713
"WF02.2",-7.27904812107291,-8.12964141449907
"WF02.3",-7.75736349850253,-7.70278058983669
"WF02.4",-5.64925766690529,-8.4178259025172
"WF04.2",-5.00063285412659,-8.20563704099669
"WF04.3",-5.93340102523925,-9.0356920643461
"WF04.4",-6.66568094000849,-8.41605815069657
"WF05.2",-6.09390695017164,-8.86719530425818
"WF05.3",-8.3576331806586,-9.28590132269017
"WF05.4",-5.40584842254866,-8.55403525327334
"WF06.2",-4.96916224395308,-8.26521456616804
"WF06.3",-8.9716458515946,-8.35783285006424
"WF06.4",-1.08467979813795,-4.81152371565914
"WF07.2",-3.86275676412523,-8.11952702800263
"WF07.3",-6.79041339235644,-8.62865598758731
"WF07.4",-1.98624268004905,-3.42830595003616
"WiW01.2",-4.61740259248042,-7.14357699955244
"WiW01.3",-5.04128822971533,-7.1529308324919
"WiW01.4",-6.27503387637301,-7.47870490011421
"WiW02.2",-3.79102292778264,-7.77785994960518
"WiW02.3",-6.25160648937528,-6.85889203701867
"WiW02.4",-6.78640966540067,-7.63183272292947
"WiW03.2",-5.60659640038739,-7.73099263228363
"WiW03.3",-7.31169863449213,-7.71398336252328
"WiW03.4",-7.55309495536858,-7.78633389354568
"WiW04.2",-4.77306300612993,-7.07344607513507
"WiW04.3",-6.09883424828671,-7.33250524704262
"WiW04.4",-7.99179160171211,-6.87197141789498
"WiW05.2",-3.53918346936861,-7.13475416198109
"WiW05.3",-6.02559249244868,-7.17099230443438
"WiW05.4",-9.05991982946134,-7.40814544761047
"WiW06.2",-3.34569248466564,-7.54630282995511
"WiW06.3",-4.20179541538384,-7.92552245610536
"WiW06.4",-7.45903830113382,-8.11722404334
"WiW07.2",-4.61018272781164,-7.08629216961023
"WiW07.3",-4.98777692697763,-7.15166431319278
"WiW07.4",-7.30886816961588,-7.8598684571916
"WiW08.2",-3.38250180950248,-7.20071847308027
"WiW08.3",-5.52410138713637,-7.46820030048678
"WiW08.4",-8.26638796756977,-7.60915518103247
"WiW10.2",-6.46797062747296,-6.78888455111402
"WiW10.3",-7.76836718569167,-7.34725896475878
"WiW10.4",-8.02850586510798,-7.19277223457693
"WiW11.2",-6.04439661044475,-7.89381106449318
"WiW11.3",-6.63470617989641,-7.43962518843985
"WiW11.4",-6.1463219442628,-7.52623746088444
"WiW13.2",-3.57519368971012,-5.04883269234133
"WiW13.3",-6.26756935430028,-7.25991963745642
"WiW13.4",-5.8955576953892,-7.81306836404038
"WiW14.2",-3.49041355898021,-7.75730608191911
"WiW14.3",-5.73260142860256,-7.68943360869815
"WiW14.4",-6.65647088118217,-3.83414668337616
"WiW15.2",-5.72452554402944,-7.3559640376094
"WiW15.3",-7.13627037409826,-7.43598908858326
"WiW15.4",-8.12302156176958,-4.23975557500236
"WiW16.2",-6.56262497961781,-7.31911932772881
"WiW16.3",-8.19916521221242,-7.7300451073653
"WiW16.4",-9.0798416537329,-3.96814891920786
"WiW17.2",-4.30578985658993,-7.01769208528516
"WiW17.3",-7.13083815252563,-7.00497761557648
"WiW17.4",-7.49143407006125,-5.46376276565632
"WiW18.2",-3.58170603730037,-4.14554163863766
"WiW18.3",-6.72681733963308,-7.55256858098681
"WiW18.4",-3.42620754466632,-3.44316268753206
"WiW19.2",-5.62250363275188,-7.20826357488775
"WiW19.3",-7.01524039707635,-7.54876703204142
"WiW19.4",-7.56916651641089,-3.50296883220867
"WiW20.2",-4.79105332243913,-7.9862808357814
"WiW20.3",-8.62191534126879,-8.23699103079428
"WiW20.4",-8.0251359473562,-3.64268724885198
"WiW21.2",-1.37927902622599,-7.27817446409546
"WiW21.3",-4.6135314691657,-7.3759805955753
"WiW21.4",-4.0987542707108,-3.83425563350977
"WiW23.2",-6.46335824970583,-6.39047601893084
"WiW23.3",-8.51142313423921,-6.27451064069097
"WiW23.4",-4.49868758295661,-3.30428298616574
"WiW24.2",-6.12408792719227,-7.5563923743362
"WiW24.3",-7.84161591402806,-7.62606988858964
"WiW24.4",-5.90120988705168,-3.88181341913539
"WiW25.2",-5.10340248362783,-7.54956486156749
"WiW25.3",-6.81733490138541,-7.4703217275312
"WiW25.4",-6.10715940308415,-5.20360399391148
"WiW26.2",-3.81736714163743,-7.25009363716866
"WiW26.3",-5.98593900900047,-7.36491127777772
"WiW26.4",-7.07660948742212,-7.28086680955301
"WiW27.2",-4.85463484100642,-6.83987480688806
"WiW27.3",-6.49407754152652,-7.32708268950315
"WiW27.4",-8.4503682733385,-3.87761061659424
"WiW28.2",-5.22788896678524,-7.41384357391383
"WiW28.3",-4.97988329164234,-7.62891710835118
"WiW28.4",-8.01707509567396,-6.59630164218613
"WiW29.2",-6.35887607939707,-7.63605218902393
"WiW29.3",-6.88369304358832,-7.6810251226961
"WiW29.4",-7.22566498688774,-3.70615787669786
"WiW30.2",-4.59363095908317,-7.39649134648608
"WiW30.3",-5.9076260641345,-7.4550538335436
"WiW30.4",-9.11862990808197,-5.14188258347147
"WiW31.2",-4.89035246156064,-7.53529414097226
"WiW31.3",-6.06386982765231,-7.59086726430051
"WiW31.4",-8.7153977943832,-7.85380141111578
"WiW32.2",-2.4640819205816,-7.06540157465937
"WiW32.3",-5.49839564493125,-7.28180544631473
"WiW32.4",-8.0367317632584,-3.60679448880111
"WiW33.2",-4.52964445182705,-7.41269160589453
"WiW33.3",-5.65971489183322,-7.59517479833746
"WiW33.4",-6.2368526455893,-7.21812146957711
"WiW34.2",-2.89661118268618,-7.60717107914461
"WiW34.3",-6.22063249803958,-7.3872180595699
"WiW34.4",-7.09081376817351,-7.37456873990929
"WiW36.2",-6.45436618259239,-6.8240751143572
"WiW36.3",-6.6700515763366,-6.72659620190614
"WiW36.4",-7.87804626488372,-7.51698896255829
"WiW37.2",-4.15799605420597,-7.62329791166457
"WiW37.3",-5.60353991145158,-7.65455247436553
"WiW37.4",-6.05145048403815,-7.58647466117529
"WiW38.2",-4.20460595647964,-7.38505887175413
"WiW38.3",-5.55712282363623,-7.8073321327508
"WiW38.4",-9.04365510585419,-7.49019953959768
"WiW40.2",-2.71178471675366,-6.6785775169065
"WiW40.3",-6.10773038566632,-7.53994006349816
"WiW40.4",-8.32815405210907,-7.40035739988299
"WiW41.2",-3.56545997388933,-7.58962307503259
"WiW41.3",-6.49838898364411,-4.52973685651236
"WiW41.4",-4.94894754111956,-6.82275596077157
"WiW43.2",-6.23173189939726,-7.41527564052545
"WiW43.3",-7.20344181040134,-4.67051851898657
"WiW43.4",-8.26072123295458,-7.6583250934629
"WiW44.2",-4.87755206526241,-7.55830881806113
"WiW44.3",-8.77300485237492,-4.07898550640327
"WiW44.4",-6.29509966733236,-7.29120023972201
"WiW45.2",-7.203231359035,-7.84685723173336
"WiW45.3",-6.95925982609915,-4.78619309120701
"WiW45.4",-7.96377417001833,-7.17383097122822
"WiW46.2",-6.30011862596543,-7.40177701933456
"WiW46.3",-9.04818736307772,-4.17464532471929
"WiW46.4",-4.98310817028823,-7.55880803744707
"WiW47.2",-6.19784463185218,-7.25701141717998
"WiW47.3",-8.15778006424135,-4.5303731856032
"WiW47.4",-6.21696381211465,-7.97724190531026
"WiW48.2",-6.44342246033689,-7.0458692652087
"WiW48.3",-7.66050660985031,-3.62466292055675
"WiW48.4",-7.01830582399426,-7.51516763343095
"WiW49.2",-2.86002824281785,-5.83685800530068
"WiW49.3",-7.23229967696679,-8.21168907330444
"WiW49.4",-6.50597666976939,-6.72511183897886
"WiW50.2",-3.31999929773684,-7.80777768523087
"WiW50.3",-5.93658324716365,-7.8713510857854
"WiW50.4",-8.26345115660239,-6.8665865252185
"WiW51.2",-3.89807900971614,-7.57952363957503
"WiW51.3",-6.95159278319471,-7.52142091499046
"WiW51.4",-6.82633204900099,-7.48807561643886
"WiW52.2",-3.00749305309161,-6.82404772788365
"WiW52.3",-4.41812782095383,-7.68180151867888
"WiW52.4",-6.97702291348771,-7.32192198073882
"WiW53.2",-5.80395398431042,-6.57401254126381
"WiW53.3",-6.35357798167765,-7.40772608559951
"WiW53.4",-7.76496934065885,-7.31027233729418
"WiW54.2",-4.68853178979249,-7.213688004154
"WiW54.3",-5.58104620928003,-7.14026431497815
"WiW54.4",-8.90649410038688,-7.38562650746328
"WiW55.2",-6.70786593863438,-8.19562203761699
"WiW55.3",-8.0626689211545,-7.99631898002155
"WiW55.4",-8.93639767224882,-6.93249258592909
"WiW56.2",-4.38581395017952,-7.37925877126747
"WiW56.3",-8.0943868979915,-7.0429803040378
"WiW56.4",-8.48932429240745,-7.47686697180034
"WiW57.2",-5.04009120689426,-7.16654932742278
"WiW57.3",-6.75255252120408,-7.19796713498155
"WiW57.4",-5.3048781674548,-7.37599765480351
"WP01.2",-3.41702193200913,-7.36299309700567
"WP01.3",-5.46341602555209,-7.37544855687867
"WP01.4",-6.62517613239576,-7.136213026907
"WP02.2",-3.43401428350346,-7.44906825239353
"WP02.3",-6.40709489067624,-7.75445788058682
"WP02.4",-6.79256412193154,-7.43166998655534
"WP03.2",-5.3194907689929,-7.90299654285759
"WP03.3",-6.47518962558739,-7.73992580100176
"WP03.4",-8.76886879112977,-7.0699888636557
"WP04.2",-2.26121010854377,-6.70762897618268
"WP04.3",-5.08697652735298,-6.6307968369235
"WP04.4",-7.54263355141811,-7.02012415231257
"WP05.2",-5.54546392745946,-7.16857294012585
"WP05.3",-5.49293658708708,-7.27603293373117
"WP05.4",-5.77254684675733,-7.68659376975457
"WP06.2",-6.62369085344227,-8.42437585402442
"WP06.3",-8.27217678354508,-8.07708006443485
"WP06.4",-6.50645131515085,-7.46334303187074
"WP09.2",-3.27773175710898,-6.87551689899714
"WP09.3",-6.22835892560339,-6.86885378661501
"WP09.4",-5.11611168099452,-7.8811165293372
"WP10.2",-3.14791639517434,-7.01808618690518
"WP10.3",-5.18440249913478,-7.14528866099248
"WP10.4",-5.27655587476652,-7.60144532936475
"WP11.2",-4.26250835329082,-7.60271045560424
"WP11.3",-5.94011657256748,-7.3483190612323
"WP11.4",-6.50086012929859,-7.59804739322322
"WP12.2",-0.826655716302831,-4.1012307483276
"WP12.3",-0.308324785854834,-3.60052416195908
"WP12.4",-0.524231752348906,-7.71511593280512
"WP13.2",-2.09278348421779,-4.02058812896276
"WP13.3",-1.76486440576541,-3.67173763330732
"WP13.4",-6.83869823843107,-7.69081972927534
"WP14.2",-3.16984759380085,-3.18736674500358
"WP14.3",-2.73593238025033,-3.59679965382875
"WP14.4",-1.99235683404563,-7.37240921521378
"WP15.2",-2.31529276728159,-3.50127585759069
"WP15.3",-1.80001920137745,-6.46152379677912
"WP15.4",-4.00108843859947,-7.01219903528043
"WP16.2",-1.24873608727568,-3.74652810482535
"WP16.3",-3.78190608934577,-3.59820772255542
"WP16.4",-1.99102448645228,-7.54557370104651
"WYT01.2",-4.34724402979814,-8.02014754386663
"WYT01.3",-8.51069262681314,-8.07577823880348
"WYT01.4",-4.81379751628223,-8.81234571761703
"WYT02.2",-6.28633909014127,-7.86462397947132
"WYT02.3",-7.27965142660211,-8.25090141103129
"WYT02.4",-6.12172092674599,-9.07642861971122
"WYT03.2",-0.922283653610564,-5.51988463254699
"WYT03.3",-7.5168654263427,-8.31623927611504
"WYT03.4",-4.56888159791157,-8.85616232566863
"WYT04.2",-5.81867545976548,-7.72087718029487
"WYT04.3",-7.96427884330356,-8.62584837940753
"WYT04.4",-5.01840912968834,-8.7776561564088
"WYT05.2",-3.77666688973494,-8.03924625220719
"WYT05.3",-9.16087974180778,-8.53094180700437
"WYT05.4",-3.96648255417957,-8.72559769870573
"WYT06.2",-5.72747605814049,-8.16486007210282
"WYT06.3",-9.49848658924948,-8.9390498673883
"WYT06.4",-7.68543234373402,-8.75473090895701
"WYT07.2",-4.35073543536221,-7.87982327726414
"WYT07.3",-7.48072912054511,-8.93467855354594
"WYT07.4",-6.29472462531615,-8.05154539863547
"WYT08.2",-5.39333235183131,-8.22379319585342
"WYT08.3",-8.24446900281048,-7.98287388788417
"WYT08.4",-5.29066490329454,-8.65565169015037
"WYT09.2",-5.10220822528434,-8.28872768840053
"WYT09.3",-7.5810998322459,-7.47019469758127
"WYT09.4",-7.10325286539819,-8.34573169606563
"WYT10.2",-5.2184352068787,-8.03498935129653
"WYT10.3",-10.0136906926697,-8.48856203329047
"WYT10.4",-6.17242555000586,-8.5715407880837
"WYT13.2",-4.49110978646726,-8.57754638900978
"WYT13.3",-8.65511376445952,-8.85773005573184
"WYT13.4",-4.80201162112755,-8.8635601340687
"WYT14.2",-3.74792053657646,-8.42253417677239
"WYT14.3",-8.48190762141011,-8.35816400244187
"WYT14.4",-5.51167400300908,-8.18402064526662
"WYT15.2",-2.61921548740172,-8.07780549442746
"WYT15.3",-8.03333162594581,-8.26260648005637
"WYT15.4",-6.09514598674664,-8.07551108192157
"WYT16.2",-2.52421590019392,-8.46361598766335
"WYT16.3",-8.06293791913864,-8.53505553864918
"WYT16.4",-4.63072341470395,-8.28963282463977
"WYT17.2",-4.74761689796519,-8.43436201402786
"WYT17.3",-8.20819732700249,-8.38777818175238
"WYT17.4",-5.69215468798054,-8.8243851106244
"WYT19.2",-4.65703879505064,-7.99191869829694
"WYT19.3",-6.73319468439064,-8.63533692342089
"WYT19.4",-6.19344028320067,-8.96674175744364
"WYT20.2",-3.00398730539682,-8.31934913117461
"WYT20.3",-7.68294304642151,-8.87734006883605
"WYT20.4",-4.24249413582517,-8.55847870465412
"WYT21.2",-4.96779801204512,-8.29217656059966
"WYT21.3",-7.65195098584617,-8.52694702319489
"WYT21.4",-4.51097173503646,-8.867128697157
"WYT22.2",-3.81688960892584,-8.31058315692432
"WYT22.3",-6.28156815375972,-8.18294920221512
"WYT22.4",-3.21446888304999,-8.26561472635087
"WYT23.2",-4.46966280573717,-7.95789446737245
"WYT23.3",-6.49237251708967,-8.65264131971726
"WYT23.4",-4.25164635544259,-8.43238126905589
"WYT24.2",-4.70480637616344,-8.42327362365328
"WYT24.3",-7.69292309181675,-8.33964196778186
"WYT24.4",-4.59774619919778,-8.77333444334242
"WYT25.2",-3.20648074008824,-8.12860205042225
"WYT25.3",-7.5810998322459,-8.17141384051129
"WYT25.4",-4.61438197607032,-7.84560801729103
"WYT26.2",-6.61051158333349,-8.39380689500095
"WYT26.3",-7.53771535366747,-8.15389593485951
"WYT26.4",-5.95016144696355,-8.74254393104137
"WYT27.2",-5.35285007456236,-8.56250596291782
"WYT27.3",-8.00920741710383,-8.63941184667516
"WYT27.4",-4.82604173010253,-8.52365524122534
"WYT28.2",-4.07513824375257,-7.82712014933367
"WYT28.3",-7.37639398649895,-8.73261222600856
"WYT28.4",-3.29257220082758,-8.57083848217627
"WYT29.2",-4.11827871251773,-8.22240299255767
"WYT29.3",-9.48683695064095,-8.58840129859383
"WYT29.4",-5.45168540698099,-9.010303175836
"WYT30.2",-3.64927419952158,-4.10544813216224
"WYT30.3",-9.51207419788361,-8.48013237666534
"WYT30.4",-6.54976302126414,-8.71088914025082
"WYT31.2",-1.89085078853904,-3.8297329577184
"WYT31.3",-9.03434128092172,-8.64458924457548
"WYT31.4",-4.50590809374286,-8.56368051190723
"WYT32.2",-1.24893530336104,-5.45419264995381
"WYT32.3",-8.59952345979936,-6.06164207288472
"WYT32.4",-2.57689036840419,-4.19637598217337
"WYT33.2",-4.74105583794401,-8.18935491289752
"WYT33.3",-8.36781579034164,-8.04116784691651
"WYT33.4",-6.79866488586837,-8.3520936084259
"WYT34.2",-6.69659668107505,-8.07030777829644
"WYT34.3",-7.82890856017918,-8.2229556071254
"WYT34.4",-4.93228632768528,-8.49458683023281
"WYT36.2",-6.64702404882134,-8.26750291476692
"WYT36.3",-7.71710724338537,-8.71242620772926
"WYT36.4",-3.96136940534909,-8.23122883188334
"WYT37.2",-4.27225437255928,-8.20580134782671
"WYT37.3",-5.81357138585073,-8.60244816990033
"WYT37.4",-4.62662083719665,-8.58862308071743
"WYT38.2",-6.9118481504073,-9.03892199858478
"WYT38.3",-6.11953718168875,-7.97683117892535
"WYT38.4",-4.77400639853259,-9.09875496303763
"WYT39.2",-7.51955457188922,-8.37211499886381
"WYT39.3",-7.44499508185419,-8.43178870795343
"WYT39.4",-5.22022661264739,-8.87150781546702
"WYT40.2",-5.55870857876391,-7.85521180465819
"WYT40.3",-9.58852152113588,-7.99575505528192
"WYT40.4",-5.64645740803693,-8.69100033340899
"WYT41.2",-5.08238020681692,-8.26729476823084
"WYT41.3",-8.98026873431321,-8.23614493542415
"WYT41.4",-4.78839741593809,-8.13134816368674
"WYT42.2",-4.97687579231018,-8.39484722367246
"WYT42.3",-8.45603045988931,-7.62584164989989
"WYT42.4",-7.33163701880052,-8.86861358911171
"WYT43.2",-3.85508022330065,-8.59256504363857
"WYT43.3",-7.97415236857503,-8.78909992071494
"WYT43.4",-2.10113358356536,-6.34139549227777
"WYT44.2",-3.03041245340508,-7.25905399953889
"WYT44.3",-7.33515648126989,-8.70711421590264
"WYT44.4",-2.76080610304044,-6.35215097495109
"WYT45.2",-5.47029263128785,-8.6963129542058
"WYT45.3",-8.33923016524795,-8.58939953714256
"WYT45.4",-5.30932739537347,-8.80745419871391
"WYT46.2",-6.36782783915872,-7.72538482354623
"WYT46.3",-6.94637898727969,-8.49913111965209
"WYT46.4",-6.10538596325025,-8.81870269373661
"WYT47.2",-5.19491386663776,-8.17505946847388
"WYT47.3",-5.56141523336928,-8.86803391978623
"WYT47.4",-4.94240487536471,-8.54682386248964
"WYT48.2",-6.50447544770853,-8.22953421416731
"WYT48.3",-8.54626334901908,-8.67356974131721
"WYT48.4",-4.67183489533373,-8.48309001184336
"WYT49.2",-3.45279412765924,-8.56976075156303
"WYT49.3",-7.54873035678887,-8.43545204357029
"WYT49.4",-4.9483499744052,-8.63677551985856
"WYT50.2",-4.45854223657126,-8.00640942790459
"WYT50.3",-8.74246485589794,-8.69826056962041
"WYT50.4",-1.83878818565783,-7.62143984503759
"WYT51.2",-4.94085811487443,-8.52654555721087
"WYT51.3",-8.50665775156983,-8.38353418329558
"WYT51.4",-4.41975252006087,-8.85000624527533
"WYT52.2",-4.75942809024734,-8.39352683216475
"WYT52.3",-8.23271391686898,-8.80824638388202
"WYT52.4",-4.98164547852271,-8.67025705656061
"WYT53.2",-4.35621064094556,-8.21212920728912
"WYT53.3",-7.89937423941524,-8.9514342622564
"WYT53.4",-5.82565386912732,-8.93479973913087
"WYT54.2",-1.11166713354191,-7.5064435163716
"WYT54.3",-7.83565802053666,-8.31455651621721
"WYT54.4",-5.24258076678936,-8.27262511309138
"WYT55.2",-4.6570661114413,-8.29936819119768
"WYT55.3",-8.78433629824372,-8.69543599033996
"WYT55.4",-4.67619929068216,-8.59378688326735
"WYT56.2",-6.1364108976994,-8.19716896335033
"WYT56.3",-8.36114620881004,-8.072633545305
"WYT56.4",-5.36784849087166,-8.41997063603423
"WYT57.2",-4.34945519797828,-7.99227355982053
"WYT57.3",-8.46043168172915,-7.8860303296047
"WYT57.4",-4.98061838067083,-8.36057722638864
"WYT58.2",-1.37602159286345,-7.75359131660675
"WYT58.3",-7.90048606097125,-9.03748150682057
"WYT58.4",-5.01298420447369,-8.2975047421864
"WYT59.2",-2.88324577952522,-7.86354980350854
"WYT59.3",-8.54984614759945,-8.56572885552133
"WYT59.4",-3.88230788826932,-8.88029198969169
"WYT60.2",-8.39735621809083,-8.00646661832022
"WYT60.3",-8.19062202577774,-8.6815913571994
"WYT60.4",-4.79507784105109,-8.25548691616759
"WYT61.2",-4.63000802188881,-7.30998820012873
"WYT61.3",-7.27057149094295,-8.58483158916282
"WYT61.4",-5.83042475978232,-8.77838976266224
